x-axis,1,2
second,Volt,Volt
-100.0000E-06,-232.6809280E-03,-358.1281751E-03
-99.9000E-06,-364.7699431E-03,-1.1629523252E+00
-99.8000E-06,-313.0829372E-03,-1.1066709161E+00
-99.7000E-06,-333.1834394E-03,-1.1066709161E+00
-99.6000E-06,-353.2839417E-03,-1.0278769433E+00
-99.5000E-06,-373.3844440E-03,-988.4799570E-03
-99.4000E-06,-384.8704454E-03,-988.4799570E-03
-99.3000E-06,-393.4849463E-03,-949.0829706E-03
-99.2000E-06,-413.5854486E-03,-926.5704070E-03
-99.1000E-06,-413.5854486E-03,-870.2889979E-03
-99.0000E-06,-433.6859509E-03,-859.0327161E-03
-98.9000E-06,-453.7864532E-03,-830.8920115E-03
-98.8000E-06,-473.8869555E-03,-859.0327161E-03
-98.7000E-06,-473.8869555E-03,-791.4950252E-03
-98.6000E-06,-493.9874578E-03,-791.4950252E-03
-98.5000E-06,-514.0879601E-03,-735.2136161E-03
-98.4000E-06,-514.0879601E-03,-718.3291933E-03
-98.3000E-06,-528.4454618E-03,-684.5603479E-03
-98.2000E-06,-519.8309608E-03,-673.3040661E-03
-98.1000E-06,-551.4174644E-03,-673.3040661E-03
-98.0000E-06,-554.2889647E-03,-673.3040661E-03
-97.9000E-06,-554.2889647E-03,-673.3040661E-03
-97.8000E-06,-554.2889647E-03,-594.5100933E-03
-97.7000E-06,-574.3894670E-03,-628.2789388E-03
-97.6000E-06,-580.1324677E-03,-594.5100933E-03
-97.5000E-06,-594.4899693E-03,-583.2538115E-03
-97.4000E-06,-611.7189713E-03,-555.1131070E-03
-97.3000E-06,-605.9759706E-03,-532.6005433E-03
-97.2000E-06,-614.5904716E-03,-555.1131070E-03
-97.1000E-06,-603.1044703E-03,-498.8316979E-03
-97.0000E-06,-617.4619719E-03,-476.3191342E-03
-96.9000E-06,-640.4339746E-03,-476.3191342E-03
-96.8000E-06,-640.4339746E-03,-476.3191342E-03
-96.7000E-06,-654.7914762E-03,-465.0628524E-03
-96.6000E-06,-666.2774775E-03,-414.4095842E-03
-96.5000E-06,-654.7914762E-03,-397.5251615E-03
-96.4000E-06,-674.8919785E-03,-380.6407388E-03
-96.3000E-06,-692.1209805E-03,-397.5251615E-03
-96.2000E-06,-674.8919785E-03,-358.1281751E-03
-96.1000E-06,-680.6349792E-03,-397.5251615E-03
-96.0000E-06,-692.1209805E-03,-358.1281751E-03
-95.9000E-06,-694.9924808E-03,-358.1281751E-03
-95.8000E-06,-715.0929831E-03,-318.7311888E-03
-95.7000E-06,-715.0929831E-03,-341.2437524E-03
-95.6000E-06,-715.0929831E-03,-318.7311888E-03
-95.5000E-06,-720.8359838E-03,-301.8467660E-03
-95.4000E-06,-715.0929831E-03,-318.7311888E-03
-95.3000E-06,-735.1934854E-03,-318.7311888E-03
-95.2000E-06,-735.1934854E-03,-318.7311888E-03
-95.1000E-06,-735.1934854E-03,-318.7311888E-03
-95.0000E-06,-743.8079864E-03,-279.3342024E-03
-94.9000E-06,-735.1934854E-03,-279.3342024E-03
-94.8000E-06,-755.2939877E-03,-268.0779206E-03
-94.7000E-06,-755.2939877E-03,-251.1934979E-03
-94.6000E-06,-755.2939877E-03,-234.3090751E-03
-94.5000E-06,-766.7799890E-03,-234.3090751E-03
-94.4000E-06,-755.2939877E-03,-239.9372160E-03
-94.3000E-06,-755.2939877E-03,-239.9372160E-03
-94.2000E-06,-758.1654880E-03,-206.1683706E-03
-94.1000E-06,-755.2939877E-03,-239.9372160E-03
-94.0000E-06,-775.3944900E-03,-200.5402297E-03
-93.9000E-06,-778.2659903E-03,-206.1683706E-03
-93.8000E-06,-775.3944900E-03,-183.6558069E-03
-93.7000E-06,-775.3944900E-03,-200.5402297E-03
-93.6000E-06,-786.8804913E-03,-178.0276660E-03
-93.5000E-06,-775.3944900E-03,-194.9120888E-03
-93.4000E-06,-795.4949923E-03,-200.5402297E-03
-93.3000E-06,-795.4949923E-03,-217.4246524E-03
-93.2000E-06,-795.4949923E-03,-194.9120888E-03
-93.1000E-06,-804.1094933E-03,-161.1432433E-03
-93.0000E-06,-795.4949923E-03,-200.5402297E-03
-92.9000E-06,-804.1094933E-03,-144.2588206E-03
-92.8000E-06,-815.5954946E-03,-161.1432433E-03
-92.7000E-06,-809.8524939E-03,-149.8869615E-03
-92.6000E-06,-815.5954946E-03,-133.0025388E-03
-92.5000E-06,-812.7239943E-03,-127.3743979E-03
-92.4000E-06,-815.5954946E-03,-121.7462569E-03
-92.3000E-06,-815.5954946E-03,-121.7462569E-03
-92.2000E-06,-827.0814959E-03,-116.1181160E-03
-92.1000E-06,-815.5954946E-03,-87.9774115E-03
-92.0000E-06,-829.9529962E-03,-121.7462569E-03
-91.9000E-06,-821.3384952E-03,-121.7462569E-03
-91.8000E-06,-818.4669949E-03,-93.6055524E-03
-91.7000E-06,-824.2099956E-03,-121.7462569E-03
-91.6000E-06,-795.4949923E-03,-121.7462569E-03
-91.5000E-06,-824.2099956E-03,-144.2588206E-03
-91.4000E-06,-818.4669949E-03,-155.5151024E-03
-91.3000E-06,-821.3384952E-03,-110.4899751E-03
-91.2000E-06,-829.9529962E-03,-93.6055524E-03
-91.1000E-06,-835.6959969E-03,-116.1181160E-03
-91.0000E-06,-847.1819982E-03,-99.2336933E-03
-90.9000E-06,-855.7964992E-03,-121.7462569E-03
-90.8000E-06,-835.6959969E-03,-65.4648479E-03
-90.7000E-06,-832.8244966E-03,-87.9774115E-03
-90.6000E-06,-829.9529962E-03,-93.6055524E-03
-90.5000E-06,-841.4389975E-03,-93.6055524E-03
-90.4000E-06,-835.6959969E-03,-116.1181160E-03
-90.3000E-06,-835.6959969E-03,-104.8618342E-03
-90.2000E-06,-855.7964992E-03,-82.3492706E-03
-90.1000E-06,-835.6959969E-03,-59.8367069E-03
-90.0000E-06,-852.9249988E-03,-116.1181160E-03
-89.9000E-06,-841.4389975E-03,-54.2085660E-03
-89.8000E-06,-855.7964992E-03,-82.3492706E-03
-89.7000E-06,-835.6959969E-03,-76.7211297E-03
-89.6000E-06,-835.6959969E-03,-82.3492706E-03
-89.5000E-06,-855.7964992E-03,-82.3492706E-03
-89.4000E-06,-847.1819982E-03,-65.4648479E-03
-89.3000E-06,-852.9249988E-03,-82.3492706E-03
-89.2000E-06,-855.7964992E-03,-87.9774115E-03
-89.1000E-06,-835.6959969E-03,-54.2085660E-03
-89.0000E-06,-855.7964992E-03,-48.5804251E-03
-88.9000E-06,-847.1819982E-03,-59.8367069E-03
-88.8000E-06,-855.7964992E-03,-42.9522842E-03
-88.7000E-06,-855.7964992E-03,-65.4648479E-03
-88.6000E-06,-855.7964992E-03,-9.1834388E-03
-88.5000E-06,-850.0534985E-03,-54.2085660E-03
-88.4000E-06,-855.7964992E-03,-42.9522842E-03
-88.3000E-06,-855.7964992E-03,-9.1834388E-03
-88.2000E-06,-835.6959969E-03,-65.4648479E-03
-88.1000E-06,-855.7964992E-03,-42.9522842E-03
-88.0000E-06,-855.7964992E-03,-42.9522842E-03
-87.9000E-06,-858.6679995E-03,-76.7211297E-03
-87.8000E-06,-855.7964992E-03,-59.8367070E-03
-87.7000E-06,-855.7964992E-03,-71.0929888E-03
-87.6000E-06,-858.6679995E-03,-76.7211297E-03
-87.5000E-06,-855.7964992E-03,-42.9522842E-03
-87.4000E-06,-855.7964992E-03,-42.9522842E-03
-87.3000E-06,-855.7964992E-03,-48.5804251E-03
-87.2000E-06,-852.9249988E-03,-42.9522842E-03
-87.1000E-06,-855.7964992E-03,-31.6960024E-03
-87.0000E-06,-861.5394998E-03,-14.8115797E-03
-86.9000E-06,-855.7964992E-03,-42.9522842E-03
-86.8000E-06,-864.4110002E-03,-42.9522842E-03
-86.7000E-06,-855.7964992E-03,-3.5552979E-03
-86.6000E-06,-855.7964992E-03,-20.4397206E-03
-86.5000E-06,-855.7964992E-03,-42.9522842E-03
-86.4000E-06,-855.7964992E-03,-14.8115797E-03
-86.3000E-06,-861.5394998E-03,-71.0929888E-03
-86.2000E-06,-855.7964992E-03,-9.1834388E-03
-86.1000E-06,-855.7964992E-03,-65.4648479E-03
-86.0000E-06,-855.7964992E-03,-82.3492706E-03
-85.9000E-06,-875.8970015E-03,-20.4397206E-03
-85.8000E-06,-855.7964992E-03,-42.9522842E-03
-85.7000E-06,-861.5394998E-03,-59.8367070E-03
-85.6000E-06,-855.7964992E-03,-42.9522842E-03
-85.5000E-06,-855.7964992E-03,-42.9522842E-03
-85.4000E-06,-875.8970015E-03,-37.3241433E-03
-85.3000E-06,-875.8970015E-03,-3.5552979E-03
-85.2000E-06,-867.2825005E-03,-26.0678615E-03
-85.1000E-06,-878.7685018E-03,-14.8115797E-03
-85.0000E-06,-870.1540008E-03,-14.8115797E-03
-84.9000E-06,-875.8970015E-03,-14.8115797E-03
-84.8000E-06,-873.0255011E-03,-14.8115797E-03
-84.7000E-06,-864.4110002E-03,-42.9522842E-03
-84.6000E-06,-855.7964992E-03,-42.9522842E-03
-84.5000E-06,-864.4110002E-03,-42.9522842E-03
-84.4000E-06,-858.6679995E-03,-37.3241433E-03
-84.3000E-06,-881.6400021E-03,-71.0929888E-03
-84.2000E-06,-875.8970015E-03,-31.6960024E-03
-84.1000E-06,-875.8970015E-03,-37.3241433E-03
-84.0000E-06,-875.8970015E-03,-42.9522842E-03
-83.9000E-06,-875.8970015E-03,-42.9522842E-03
-83.8000E-06,-867.2825005E-03,-42.9522842E-03
-83.7000E-06,-875.8970015E-03,-42.9522842E-03
-83.6000E-06,-875.8970015E-03,-31.6960024E-03
-83.5000E-06,-870.1540008E-03,-14.8115797E-03
-83.4000E-06,-875.8970015E-03,-71.0929888E-03
-83.3000E-06,-864.4110002E-03,-37.3241433E-03
-83.2000E-06,-875.8970015E-03,-3.5552979E-03
-83.1000E-06,-867.2825005E-03,-42.9522842E-03
-83.0000E-06,-858.6679995E-03,-37.3241433E-03
-82.9000E-06,-875.8970015E-03,-42.9522842E-03
-82.8000E-06,-875.8970015E-03,+7.7009840E-03
-82.7000E-06,-875.8970015E-03,-9.1834388E-03
-82.6000E-06,-875.8970015E-03,-26.0678615E-03
-82.5000E-06,-875.8970015E-03,-42.9522842E-03
-82.4000E-06,-875.8970015E-03,-26.0678615E-03
-82.3000E-06,-875.8970015E-03,-37.3241433E-03
-82.2000E-06,-855.7964992E-03,-42.9522842E-03
-82.1000E-06,-870.1540008E-03,-71.0929888E-03
-82.0000E-06,-875.8970015E-03,-37.3241433E-03
-81.9000E-06,-864.4110002E-03,-20.4397206E-03
-81.8000E-06,-875.8970015E-03,+35.8416885E-03
-81.7000E-06,-855.7964992E-03,-42.9522842E-03
-81.6000E-06,-893.1260034E-03,-9.1834388E-03
-81.5000E-06,-875.8970015E-03,-14.8115797E-03
-81.4000E-06,-875.8970015E-03,-14.8115797E-03
-81.3000E-06,-875.8970015E-03,-37.3241433E-03
-81.2000E-06,-875.8970015E-03,-26.0678615E-03
-81.1000E-06,-855.7964992E-03,-3.5552979E-03
-81.0000E-06,-864.4110002E-03,+18.9572658E-03
-80.9000E-06,-893.1260034E-03,-37.3241433E-03
-80.8000E-06,-875.8970015E-03,-42.9522842E-03
-80.7000E-06,-870.1540008E-03,-59.8367069E-03
-80.6000E-06,-875.8970015E-03,-9.1834388E-03
-80.5000E-06,-887.3830028E-03,-20.4397206E-03
-80.4000E-06,-855.7964992E-03,-42.9522842E-03
-80.3000E-06,-875.8970015E-03,-20.4397206E-03
-80.2000E-06,-873.0255011E-03,-37.3241433E-03
-80.1000E-06,-861.5394998E-03,-59.8367070E-03
-80.0000E-06,-870.1540008E-03,-14.8115797E-03
-79.9000E-06,-875.8970015E-03,-42.9522842E-03
-79.8000E-06,-875.8970015E-03,-59.8367070E-03
-79.7000E-06,-855.7964992E-03,-3.5552979E-03
-79.6000E-06,-875.8970015E-03,-26.0678615E-03
-79.5000E-06,-875.8970015E-03,-9.1834388E-03
-79.4000E-06,-890.2545031E-03,-42.9522842E-03
-79.3000E-06,-861.5394998E-03,-3.5552979E-03
-79.2000E-06,-875.8970015E-03,-42.9522842E-03
-79.1000E-06,-875.8970015E-03,-9.1834387E-03
-79.0000E-06,-875.8970015E-03,-3.5552979E-03
-78.9000E-06,-864.4110002E-03,-3.5552979E-03
-78.8000E-06,-875.8970015E-03,-37.3241433E-03
-78.7000E-06,-875.8970015E-03,-14.8115797E-03
-78.6000E-06,-875.8970015E-03,-42.9522842E-03
-78.5000E-06,-858.6679995E-03,-3.5552979E-03
-78.4000E-06,-875.8970015E-03,-42.9522842E-03
-78.3000E-06,-875.8970015E-03,-3.5552979E-03
-78.2000E-06,-875.8970015E-03,-42.9522842E-03
-78.1000E-06,-875.8970015E-03,-42.9522842E-03
-78.0000E-06,-875.8970015E-03,-42.9522842E-03
-77.9000E-06,-875.8970015E-03,-42.9522842E-03
-77.8000E-06,-875.8970015E-03,-71.0929888E-03
-77.7000E-06,-875.8970015E-03,-20.4397206E-03
-77.6000E-06,-875.8970015E-03,-3.5552979E-03
-77.5000E-06,-875.8970015E-03,-20.4397206E-03
-77.4000E-06,-875.8970015E-03,-9.1834388E-03
-77.3000E-06,-875.8970015E-03,-3.5552979E-03
-77.2000E-06,-875.8970015E-03,+35.8416885E-03
-77.1000E-06,-873.0255012E-03,+24.5854067E-03
-77.0000E-06,-875.8970015E-03,-3.5552979E-03
-76.9000E-06,-875.8970015E-03,-42.9522842E-03
-76.8000E-06,-867.2825005E-03,-26.0678615E-03
-76.7000E-06,-875.8970015E-03,-3.5552979E-03
-76.6000E-06,-875.8970015E-03,-42.9522842E-03
-76.5000E-06,-861.5394998E-03,-3.5552979E-03
-76.4000E-06,-875.8970015E-03,-42.9522842E-03
-76.3000E-06,-887.3830028E-03,-42.9522842E-03
-76.2000E-06,-875.8970015E-03,-42.9522842E-03
-76.1000E-06,-884.5115025E-03,-3.5552979E-03
-76.0000E-06,-875.8970015E-03,-71.0929888E-03
-75.9000E-06,-875.8970015E-03,-42.9522842E-03
-75.8000E-06,-875.8970015E-03,-3.5552979E-03
-75.7000E-06,-875.8970015E-03,-37.3241433E-03
-75.6000E-06,-875.8970015E-03,+13.3291249E-03
-75.5000E-06,-875.8970015E-03,-3.5552979E-03
-75.4000E-06,-875.8970015E-03,-3.5552979E-03
-75.3000E-06,-875.8970015E-03,-9.1834388E-03
-75.2000E-06,-875.8970015E-03,-14.8115797E-03
-75.1000E-06,-875.8970015E-03,-3.5552979E-03
-75.0000E-06,-875.8970015E-03,+24.5854067E-03
-74.9000E-06,-875.8970015E-03,-42.9522842E-03
-74.8000E-06,-875.8970015E-03,-42.9522842E-03
-74.7000E-06,-875.8970015E-03,-20.4397206E-03
-74.6000E-06,-858.6679995E-03,-3.5552979E-03
-74.5000E-06,-875.8970015E-03,-42.9522842E-03
-74.4000E-06,-875.8970015E-03,-20.4397206E-03
-74.3000E-06,-875.8970015E-03,-37.3241433E-03
-74.2000E-06,-875.8970015E-03,-65.4648478E-03
-74.1000E-06,-855.7964992E-03,-42.9522842E-03
-74.0000E-06,-884.5115025E-03,-65.4648479E-03
-73.9000E-06,-875.8970015E-03,-37.3241433E-03
-73.8000E-06,-875.8970015E-03,+7.7009840E-03
-73.7000E-06,-875.8970015E-03,-14.8115797E-03
-73.6000E-06,-875.8970015E-03,-3.5552979E-03
-73.5000E-06,-875.8970015E-03,-3.5552979E-03
-73.4000E-06,-895.9975038E-03,-3.5552979E-03
-73.3000E-06,-887.3830028E-03,-3.5552979E-03
-73.2000E-06,-858.6679995E-03,-9.1834388E-03
-73.1000E-06,-875.8970015E-03,-26.0678615E-03
-73.0000E-06,-875.8970015E-03,-42.9522842E-03
-72.9000E-06,-893.1260034E-03,-9.1834388E-03
-72.8000E-06,-875.8970015E-03,-26.0678615E-03
-72.7000E-06,-875.8970015E-03,-3.5552978E-03
-72.6000E-06,-875.8970015E-03,-20.4397206E-03
-72.5000E-06,-875.8970015E-03,-37.3241433E-03
-72.4000E-06,-875.8970015E-03,-42.9522842E-03
-72.3000E-06,-875.8970015E-03,-20.4397206E-03
-72.2000E-06,-878.7685018E-03,-71.0929888E-03
-72.1000E-06,-875.8970015E-03,-20.4397206E-03
-72.0000E-06,-855.7964992E-03,-82.3492706E-03
-71.9000E-06,-875.8970015E-03,-26.0678615E-03
-71.8000E-06,-875.8970015E-03,-37.3241433E-03
-71.7000E-06,-875.8970015E-03,-3.5552979E-03
-71.6000E-06,-875.8970015E-03,-14.8115797E-03
-71.5000E-06,-875.8970015E-03,-9.1834388E-03
-71.4000E-06,-875.8970015E-03,-20.4397206E-03
-71.3000E-06,-875.8970015E-03,-42.9522842E-03
-71.2000E-06,-887.3830028E-03,-20.4397206E-03
-71.1000E-06,-875.8970015E-03,-37.3241433E-03
-71.0000E-06,-875.8970015E-03,+13.3291249E-03
-70.9000E-06,-881.6400021E-03,-31.6960024E-03
-70.8000E-06,-858.6679995E-03,-42.9522842E-03
-70.7000E-06,-875.8970015E-03,-26.0678615E-03
-70.6000E-06,-875.8970015E-03,-42.9522842E-03
-70.5000E-06,-884.5115025E-03,-42.9522842E-03
-70.4000E-06,-875.8970015E-03,-76.7211297E-03
-70.3000E-06,-875.8970015E-03,-42.9522842E-03
-70.2000E-06,-875.8970015E-03,-14.8115797E-03
-70.1000E-06,-875.8970015E-03,-37.3241433E-03
-70.0000E-06,-875.8970015E-03,+2.0728430E-03
-69.9000E-06,-875.8970015E-03,-42.9522842E-03
-69.8000E-06,-875.8970015E-03,-26.0678615E-03
-69.7000E-06,-893.1260034E-03,+18.9572658E-03
-69.6000E-06,-855.7964992E-03,-31.6960024E-03
-69.5000E-06,-881.6400021E-03,-31.6960024E-03
-69.4000E-06,-875.8970015E-03,-9.1834388E-03
-69.3000E-06,-884.5115025E-03,-42.9522842E-03
-69.2000E-06,-855.7964992E-03,-3.5552979E-03
-69.1000E-06,-887.3830028E-03,-20.4397206E-03
-69.0000E-06,-861.5394998E-03,-31.6960024E-03
-68.9000E-06,-875.8970015E-03,-14.8115797E-03
-68.8000E-06,-875.8970015E-03,-31.6960024E-03
-68.7000E-06,-875.8970015E-03,-3.5552979E-03
-68.6000E-06,-875.8970015E-03,-26.0678615E-03
-68.5000E-06,-855.7964992E-03,-82.3492706E-03
-68.4000E-06,-864.4110002E-03,-26.0678615E-03
-68.3000E-06,-855.7964992E-03,-37.3241433E-03
-68.2000E-06,-861.5394998E-03,-31.6960024E-03
-68.1000E-06,-875.8970015E-03,-14.8115797E-03
-68.0000E-06,-893.1260034E-03,-42.9522842E-03
-67.9000E-06,-875.8970015E-03,-37.3241433E-03
-67.8000E-06,-875.8970015E-03,-3.5552979E-03
-67.7000E-06,-875.8970015E-03,-26.0678615E-03
-67.6000E-06,-858.6679995E-03,-9.1834388E-03
-67.5000E-06,-875.8970015E-03,-14.8115797E-03
-67.4000E-06,-875.8970015E-03,-42.9522842E-03
-67.3000E-06,-878.7685018E-03,+30.2135476E-03
-67.2000E-06,-875.8970015E-03,-26.0678615E-03
-67.1000E-06,-875.8970015E-03,-3.5552979E-03
-67.0000E-06,-875.8970015E-03,+18.9572658E-03
-66.9000E-06,-875.8970015E-03,-76.7211297E-03
-66.8000E-06,-881.6400021E-03,-31.6960024E-03
-66.7000E-06,-861.5394998E-03,-31.6960024E-03
-66.6000E-06,-875.8970015E-03,-37.3241433E-03
-66.5000E-06,-867.2825005E-03,-20.4397206E-03
-66.4000E-06,-875.8970015E-03,-42.9522842E-03
-66.3000E-06,-873.0255011E-03,-26.0678615E-03
-66.2000E-06,-875.8970015E-03,-9.1834388E-03
-66.1000E-06,-875.8970015E-03,-31.6960024E-03
-66.0000E-06,-875.8970015E-03,-14.8115797E-03
-65.9000E-06,-875.8970015E-03,-42.9522842E-03
-65.8000E-06,-875.8970015E-03,-20.4397206E-03
-65.7000E-06,-875.8970015E-03,-3.5552979E-03
-65.6000E-06,-875.8970015E-03,-48.5804251E-03
-65.5000E-06,-855.7964992E-03,-42.9522842E-03
-65.4000E-06,-875.8970015E-03,-26.0678615E-03
-65.3000E-06,-875.8970015E-03,-3.5552979E-03
-65.2000E-06,-875.8970015E-03,-9.1834388E-03
-65.1000E-06,-875.8970015E-03,-26.0678615E-03
-65.0000E-06,-875.8970015E-03,-3.5552979E-03
-64.9000E-06,-864.4110002E-03,-42.9522842E-03
-64.8000E-06,-875.8970015E-03,-37.3241433E-03
-64.7000E-06,-875.8970015E-03,-42.9522842E-03
-64.6000E-06,-861.5394998E-03,-31.6960024E-03
-64.5000E-06,-858.6679995E-03,-37.3241433E-03
-64.4000E-06,-875.8970015E-03,-37.3241433E-03
-64.3000E-06,-875.8970015E-03,-3.5552979E-03
-64.2000E-06,-875.8970015E-03,-42.9522842E-03
-64.1000E-06,-875.8970015E-03,-9.1834388E-03
-64.0000E-06,-875.8970015E-03,-31.6960024E-03
-63.9000E-06,-875.8970015E-03,-42.9522842E-03
-63.8000E-06,-875.8970015E-03,-9.1834388E-03
-63.7000E-06,-875.8970015E-03,-3.5552979E-03
-63.6000E-06,-875.8970015E-03,-42.9522842E-03
-63.5000E-06,-875.8970015E-03,-26.0678615E-03
-63.4000E-06,-873.0255011E-03,-3.5552979E-03
-63.3000E-06,-875.8970015E-03,-42.9522842E-03
-63.2000E-06,-861.5394998E-03,-42.9522842E-03
-63.1000E-06,-875.8970015E-03,-14.8115796E-03
-63.0000E-06,-855.7964992E-03,-26.0678615E-03
-62.9000E-06,-875.8970015E-03,-3.5552979E-03
-62.8000E-06,-875.8970015E-03,-37.3241433E-03
-62.7000E-06,-875.8970015E-03,-76.7211297E-03
-62.6000E-06,-895.9975038E-03,-31.6960024E-03
-62.5000E-06,-875.8970015E-03,-42.9522842E-03
-62.4000E-06,-873.0255012E-03,+2.0728430E-03
-62.3000E-06,-875.8970015E-03,-20.4397206E-03
-62.2000E-06,-875.8970015E-03,-3.5552979E-03
-62.1000E-06,-884.5115025E-03,+2.0728431E-03
-62.0000E-06,-858.6679995E-03,-42.9522842E-03
-61.9000E-06,-875.8970015E-03,-31.6960024E-03
-61.8000E-06,-870.1540008E-03,-3.5552979E-03
-61.7000E-06,-875.8970015E-03,-9.1834388E-03
-61.6000E-06,-875.8970015E-03,-26.0678615E-03
-61.5000E-06,-875.8970015E-03,-42.9522842E-03
-61.4000E-06,-875.8970015E-03,-20.4397206E-03
-61.3000E-06,-875.8970015E-03,-3.5552979E-03
-61.2000E-06,-861.5394998E-03,-14.8115797E-03
-61.1000E-06,-875.8970015E-03,-42.9522842E-03
-61.0000E-06,-858.6679995E-03,-9.1834388E-03
-60.9000E-06,-867.2825005E-03,-37.3241433E-03
-60.8000E-06,-875.8970015E-03,-42.9522842E-03
-60.7000E-06,-875.8970015E-03,-42.9522842E-03
-60.6000E-06,-875.8970015E-03,-42.9522842E-03
-60.5000E-06,-890.2545031E-03,-3.5552979E-03
-60.4000E-06,-875.8970015E-03,-3.5552979E-03
-60.3000E-06,-875.8970015E-03,-3.5552979E-03
-60.2000E-06,-875.8970015E-03,-3.5552979E-03
-60.1000E-06,-875.8970015E-03,-3.5552979E-03
-60.0000E-06,-875.8970015E-03,-42.9522842E-03
-59.9000E-06,-875.8970015E-03,-3.5552979E-03
-59.8000E-06,-875.8970015E-03,-42.9522842E-03
-59.7000E-06,-875.8970015E-03,-54.2085660E-03
-59.6000E-06,-873.0255012E-03,-42.9522842E-03
-59.5000E-06,-867.2825005E-03,-65.4648478E-03
-59.4000E-06,-875.8970015E-03,-42.9522842E-03
-59.3000E-06,-875.8970015E-03,-20.4397206E-03
-59.2000E-06,-875.8970015E-03,-42.9522842E-03
-59.1000E-06,-875.8970015E-03,-14.8115797E-03
-59.0000E-06,-875.8970015E-03,-14.8115797E-03
-58.9000E-06,-875.8970015E-03,-3.5552979E-03
-58.8000E-06,-875.8970015E-03,-42.9522842E-03
-58.7000E-06,-875.8970015E-03,-42.9522842E-03
-58.6000E-06,-875.8970015E-03,+13.3291249E-03
-58.5000E-06,-875.8970015E-03,+18.9572658E-03
-58.4000E-06,-855.7964992E-03,-3.5552979E-03
-58.3000E-06,-861.5394998E-03,-31.6960024E-03
-58.2000E-06,-875.8970015E-03,-42.9522842E-03
-58.1000E-06,-875.8970015E-03,-3.5552979E-03
-58.0000E-06,-875.8970015E-03,-3.5552979E-03
-57.9000E-06,-875.8970015E-03,-20.4397206E-03
-57.8000E-06,-878.7685018E-03,-3.5552979E-03
-57.7000E-06,-875.8970015E-03,-3.5552979E-03
-57.6000E-06,-870.1540008E-03,-42.9522842E-03
-57.5000E-06,-875.8970015E-03,-9.1834387E-03
-57.4000E-06,-867.2825005E-03,-65.4648478E-03
-57.3000E-06,-855.7964992E-03,-3.5552979E-03
-57.2000E-06,-875.8970015E-03,-42.9522842E-03
-57.1000E-06,-873.0255011E-03,-37.3241433E-03
-57.0000E-06,-875.8970015E-03,-31.6960024E-03
-56.9000E-06,-875.8970015E-03,-42.9522842E-03
-56.8000E-06,-875.8970015E-03,-71.0929888E-03
-56.7000E-06,-875.8970015E-03,-3.5552979E-03
-56.6000E-06,-895.9975038E-03,-3.5552979E-03
-56.5000E-06,-855.7964992E-03,-26.0678615E-03
-56.4000E-06,-858.6679995E-03,-42.9522842E-03
-56.3000E-06,-875.8970015E-03,-3.5552979E-03
-56.2000E-06,-875.8970015E-03,-14.8115797E-03
-56.1000E-06,-875.8970015E-03,-9.1834387E-03
-56.0000E-06,-867.2825005E-03,-42.9522842E-03
-55.9000E-06,-875.8970015E-03,-3.5552979E-03
-55.8000E-06,-875.8970015E-03,-37.3241433E-03
-55.7000E-06,-875.8970015E-03,-37.3241433E-03
-55.6000E-06,-875.8970015E-03,-54.2085660E-03
-55.5000E-06,-861.5394998E-03,-42.9522842E-03
-55.4000E-06,-858.6679995E-03,-37.3241433E-03
-55.3000E-06,-867.2825005E-03,-20.4397206E-03
-55.2000E-06,-855.7964992E-03,-42.9522842E-03
-55.1000E-06,-875.8970015E-03,-26.0678615E-03
-55.0000E-06,-875.8970015E-03,-3.5552979E-03
-54.9000E-06,-875.8970015E-03,+7.7009840E-03
-54.8000E-06,-875.8970015E-03,-14.8115797E-03
-54.7000E-06,-875.8970015E-03,-9.1834387E-03
-54.6000E-06,-875.8970015E-03,-3.5552979E-03
-54.5000E-06,-875.8970015E-03,-3.5552979E-03
-54.4000E-06,-864.4110002E-03,-3.5552979E-03
-54.3000E-06,-875.8970015E-03,-3.5552979E-03
-54.2000E-06,-875.8970015E-03,-14.8115797E-03
-54.1000E-06,-875.8970015E-03,-3.5552979E-03
-54.0000E-06,-875.8970015E-03,-9.1834387E-03
-53.9000E-06,-867.2825005E-03,-65.4648478E-03
-53.8000E-06,-875.8970015E-03,-42.9522842E-03
-53.7000E-06,-875.8970015E-03,-20.4397206E-03
-53.6000E-06,-875.8970015E-03,-71.0929887E-03
-53.5000E-06,-867.2825005E-03,-71.0929888E-03
-53.4000E-06,-875.8970015E-03,-3.5552979E-03
-53.3000E-06,-873.0255012E-03,-65.4648479E-03
-53.2000E-06,-875.8970015E-03,-20.4397206E-03
-53.1000E-06,-875.8970015E-03,-42.9522842E-03
-53.0000E-06,-867.2825005E-03,-3.5552979E-03
-52.9000E-06,-875.8970015E-03,-9.1834388E-03
-52.8000E-06,-875.8970015E-03,-3.5552979E-03
-52.7000E-06,-875.8970015E-03,+24.5854067E-03
-52.6000E-06,-875.8970015E-03,-14.8115796E-03
-52.5000E-06,-875.8970015E-03,-3.5552979E-03
-52.4000E-06,-875.8970015E-03,-3.5552979E-03
-52.3000E-06,-878.7685018E-03,-20.4397206E-03
-52.2000E-06,-875.8970015E-03,-42.9522842E-03
-52.1000E-06,-881.6400021E-03,-42.9522842E-03
-52.0000E-06,-875.8970015E-03,-3.5552979E-03
-51.9000E-06,-878.7685018E-03,-37.3241433E-03
-51.8000E-06,-875.8970015E-03,-26.0678615E-03
-51.7000E-06,-875.8970015E-03,-42.9522842E-03
-51.6000E-06,-875.8970015E-03,-42.9522842E-03
-51.5000E-06,-893.1260034E-03,-42.9522842E-03
-51.4000E-06,-875.8970015E-03,-31.6960024E-03
-51.3000E-06,-890.2545031E-03,-14.8115797E-03
-51.2000E-06,-875.8970015E-03,-37.3241433E-03
-51.1000E-06,-875.8970015E-03,+18.9572658E-03
-51.0000E-06,-875.8970015E-03,-3.5552979E-03
-50.9000E-06,-875.8970015E-03,-26.0678615E-03
-50.8000E-06,-875.8970015E-03,-9.1834388E-03
-50.7000E-06,-875.8970015E-03,-26.0678615E-03
-50.6000E-06,-881.6400021E-03,-31.6960024E-03
-50.5000E-06,-875.8970015E-03,-9.1834387E-03
-50.4000E-06,-875.8970015E-03,-42.9522842E-03
-50.3000E-06,-855.7964992E-03,-3.5552979E-03
-50.2000E-06,-875.8970015E-03,-20.4397206E-03
-50.1000E-06,-858.6679995E-03,-37.3241433E-03
-50.0000E-06,-875.8970015E-03,-42.9522842E-03
-49.9000E-06,-875.8970015E-03,-31.6960024E-03
-49.8000E-06,-875.8970015E-03,-42.9522842E-03
-49.7000E-06,-875.8970015E-03,-20.4397206E-03
-49.6000E-06,-875.8970015E-03,-42.9522842E-03
-49.5000E-06,-875.8970015E-03,-26.0678615E-03
-49.4000E-06,-875.8970015E-03,-14.8115797E-03
-49.3000E-06,-855.7964992E-03,-31.6960024E-03
-49.2000E-06,-875.8970015E-03,-14.8115797E-03
-49.1000E-06,-875.8970015E-03,-3.5552979E-03
-49.0000E-06,-864.4110002E-03,-42.9522842E-03
-48.9000E-06,-875.8970015E-03,-3.5552979E-03
-48.8000E-06,-875.8970015E-03,-42.9522842E-03
-48.7000E-06,-875.8970015E-03,-42.9522842E-03
-48.6000E-06,-861.5394998E-03,-14.8115797E-03
-48.5000E-06,-875.8970015E-03,-14.8115797E-03
-48.4000E-06,-873.0255012E-03,-3.5552979E-03
-48.3000E-06,-875.8970015E-03,-3.5552979E-03
-48.2000E-06,-875.8970015E-03,-3.5552978E-03
-48.1000E-06,-875.8970015E-03,-20.4397206E-03
-48.0000E-06,-875.8970015E-03,+2.0728431E-03
-47.9000E-06,-881.6400021E-03,-42.9522842E-03
-47.8000E-06,-875.8970015E-03,-42.9522842E-03
-47.7000E-06,-875.8970015E-03,-3.5552979E-03
-47.6000E-06,-875.8970015E-03,-37.3241433E-03
-47.5000E-06,-875.8970015E-03,-42.9522842E-03
-47.4000E-06,-875.8970015E-03,-42.9522842E-03
-47.3000E-06,-875.8970015E-03,-48.5804251E-03
-47.2000E-06,-875.8970015E-03,-31.6960024E-03
-47.1000E-06,-881.6400021E-03,-14.8115797E-03
-47.0000E-06,-875.8970015E-03,-9.1834387E-03
-46.9000E-06,-875.8970015E-03,-20.4397206E-03
-46.8000E-06,-875.8970015E-03,-42.9522842E-03
-46.7000E-06,-875.8970015E-03,-3.5552979E-03
-46.6000E-06,-875.8970015E-03,-9.1834388E-03
-46.5000E-06,-875.8970015E-03,-31.6960024E-03
-46.4000E-06,-875.8970015E-03,-42.9522842E-03
-46.3000E-06,-875.8970015E-03,-42.9522842E-03
-46.2000E-06,-875.8970015E-03,-26.0678615E-03
-46.1000E-06,-875.8970015E-03,-3.5552979E-03
-46.0000E-06,-875.8970015E-03,-20.4397206E-03
-45.9000E-06,-873.0255011E-03,-71.0929887E-03
-45.8000E-06,-875.8970015E-03,-42.9522842E-03
-45.7000E-06,-875.8970015E-03,-42.9522842E-03
-45.6000E-06,-875.8970015E-03,-31.6960024E-03
-45.5000E-06,-875.8970015E-03,-3.5552979E-03
-45.4000E-06,-875.8970015E-03,-3.5552979E-03
-45.3000E-06,-875.8970015E-03,-3.5552979E-03
-45.2000E-06,-875.8970015E-03,-3.5552979E-03
-45.1000E-06,-875.8970015E-03,-20.4397206E-03
-45.0000E-06,-875.8970015E-03,-3.5552979E-03
-44.9000E-06,-875.8970015E-03,-9.1834387E-03
-44.8000E-06,-875.8970015E-03,-20.4397206E-03
-44.7000E-06,-855.7964992E-03,-42.9522842E-03
-44.6000E-06,-875.8970015E-03,-20.4397206E-03
-44.5000E-06,-875.8970015E-03,-42.9522842E-03
-44.4000E-06,-875.8970015E-03,-14.8115797E-03
-44.3000E-06,-875.8970015E-03,-42.9522842E-03
-44.2000E-06,-875.8970015E-03,-14.8115796E-03
-44.1000E-06,-864.4110002E-03,-42.9522842E-03
-44.0000E-06,-875.8970015E-03,-3.5552979E-03
-43.9000E-06,-875.8970015E-03,-42.9522842E-03
-43.8000E-06,-855.7964992E-03,-42.9522842E-03
-43.7000E-06,-875.8970015E-03,-42.9522842E-03
-43.6000E-06,-861.5394998E-03,-26.0678615E-03
-43.5000E-06,-875.8970015E-03,-3.5552979E-03
-43.4000E-06,-875.8970015E-03,-42.9522842E-03
-43.3000E-06,-875.8970015E-03,-42.9522842E-03
-43.2000E-06,-875.8970015E-03,+13.3291249E-03
-43.1000E-06,-855.7964992E-03,-3.5552979E-03
-43.0000E-06,-875.8970015E-03,-3.5552979E-03
-42.9000E-06,-875.8970015E-03,-3.5552979E-03
-42.8000E-06,-873.0255012E-03,-9.1834387E-03
-42.7000E-06,-875.8970015E-03,-20.4397206E-03
-42.6000E-06,-875.8970015E-03,-3.5552979E-03
-42.5000E-06,-887.3830028E-03,+2.0728431E-03
-42.4000E-06,-875.8970015E-03,-42.9522842E-03
-42.3000E-06,-861.5394998E-03,-26.0678615E-03
-42.2000E-06,-870.1540008E-03,-42.9522842E-03
-42.1000E-06,-875.8970015E-03,-9.1834387E-03
-42.0000E-06,-887.3830028E-03,-42.9522842E-03
-41.9000E-06,-875.8970015E-03,-82.3492706E-03
-41.8000E-06,-875.8970015E-03,-20.4397206E-03
-41.7000E-06,-858.6679995E-03,-9.1834388E-03
-41.6000E-06,-875.8970015E-03,+7.7009840E-03
-41.5000E-06,-855.7964992E-03,-14.8115797E-03
-41.4000E-06,-875.8970015E-03,-37.3241433E-03
-41.3000E-06,-855.7964992E-03,-3.5552979E-03
-41.2000E-06,-875.8970015E-03,-3.5552979E-03
-41.1000E-06,-875.8970015E-03,-26.0678615E-03
-41.0000E-06,-875.8970015E-03,-37.3241433E-03
-40.9000E-06,-875.8970015E-03,-14.8115797E-03
-40.8000E-06,-875.8970015E-03,+24.5854067E-03
-40.7000E-06,-875.8970015E-03,-9.1834387E-03
-40.6000E-06,-884.5115025E-03,-26.0678615E-03
-40.5000E-06,-875.8970015E-03,-3.5552979E-03
-40.4000E-06,-864.4110002E-03,-59.8367069E-03
-40.3000E-06,-873.0255011E-03,-9.1834388E-03
-40.2000E-06,-875.8970015E-03,-71.0929888E-03
-40.1000E-06,-875.8970015E-03,-42.9522842E-03
-40.0000E-06,-875.8970015E-03,-37.3241433E-03
-39.9000E-06,-875.8970015E-03,-20.4397206E-03
-39.8000E-06,-875.8970015E-03,-3.5552979E-03
-39.7000E-06,-875.8970015E-03,-26.0678615E-03
-39.6000E-06,-875.8970015E-03,-42.9522842E-03
-39.5000E-06,-895.9975038E-03,-31.6960024E-03
-39.4000E-06,-875.8970015E-03,-3.5552979E-03
-39.3000E-06,-855.7964992E-03,-3.5552979E-03
-39.2000E-06,-864.4110002E-03,-3.5552979E-03
-39.1000E-06,-855.7964992E-03,-3.5552979E-03
-39.0000E-06,-875.8970015E-03,-42.9522842E-03
-38.9000E-06,-875.8970015E-03,+30.2135476E-03
-38.8000E-06,-875.8970015E-03,+2.0728431E-03
-38.7000E-06,-861.5394998E-03,-31.6960024E-03
-38.6000E-06,-875.8970015E-03,-9.1834387E-03
-38.5000E-06,-875.8970015E-03,-9.1834387E-03
-38.4000E-06,-875.8970015E-03,-3.5552979E-03
-38.3000E-06,-875.8970015E-03,-3.5552979E-03
-38.2000E-06,-875.8970015E-03,-37.3241433E-03
-38.1000E-06,-875.8970015E-03,-31.6960024E-03
-38.0000E-06,-890.2545031E-03,-42.9522842E-03
-37.9000E-06,-858.6679995E-03,-71.0929888E-03
-37.8000E-06,-875.8970015E-03,-20.4397206E-03
-37.7000E-06,-875.8970015E-03,-42.9522842E-03
-37.6000E-06,-875.8970015E-03,-26.0678615E-03
-37.5000E-06,-875.8970015E-03,-14.8115797E-03
-37.4000E-06,-875.8970015E-03,-42.9522842E-03
-37.3000E-06,-875.8970015E-03,+24.5854067E-03
-37.2000E-06,-875.8970015E-03,+30.2135476E-03
-37.1000E-06,-867.2825005E-03,-42.9522842E-03
-37.0000E-06,-875.8970015E-03,-3.5552979E-03
-36.9000E-06,-875.8970015E-03,-20.4397206E-03
-36.8000E-06,-878.7685018E-03,-9.1834388E-03
-36.7000E-06,-870.1540008E-03,-42.9522842E-03
-36.6000E-06,-875.8970015E-03,-42.9522842E-03
-36.5000E-06,-875.8970015E-03,-37.3241433E-03
-36.4000E-06,-875.8970015E-03,-42.9522842E-03
-36.3000E-06,-875.8970015E-03,-42.9522842E-03
-36.2000E-06,-855.7964992E-03,-26.0678615E-03
-36.1000E-06,-875.8970015E-03,-42.9522842E-03
-36.0000E-06,-875.8970015E-03,-59.8367070E-03
-35.9000E-06,-875.8970015E-03,-14.8115797E-03
-35.8000E-06,-895.9975038E-03,-42.9522842E-03
-35.7000E-06,-875.8970015E-03,-20.4397206E-03
-35.6000E-06,-895.9975038E-03,-3.5552979E-03
-35.5000E-06,-875.8970015E-03,+13.3291249E-03
-35.4000E-06,-875.8970015E-03,+24.5854067E-03
-35.3000E-06,-870.1540008E-03,-26.0678615E-03
-35.2000E-06,-861.5394998E-03,-31.6960024E-03
-35.1000E-06,-875.8970015E-03,+24.5854067E-03
-35.0000E-06,-875.8970015E-03,-26.0678615E-03
-34.9000E-06,-875.8970015E-03,-3.5552979E-03
-34.8000E-06,-875.8970015E-03,+2.0728431E-03
-34.7000E-06,-873.0255011E-03,-76.7211297E-03
-34.6000E-06,-861.5394998E-03,-3.5552979E-03
-34.5000E-06,-875.8970015E-03,-42.9522842E-03
-34.4000E-06,-875.8970015E-03,-37.3241433E-03
-34.3000E-06,-855.7964992E-03,-20.4397206E-03
-34.2000E-06,-875.8970015E-03,-42.9522842E-03
-34.1000E-06,-875.8970015E-03,-42.9522842E-03
-34.0000E-06,-873.0255011E-03,-9.1834388E-03
-33.9000E-06,-875.8970015E-03,-31.6960024E-03
-33.8000E-06,-875.8970015E-03,+13.3291248E-03
-33.7000E-06,-875.8970015E-03,-9.1834387E-03
-33.6000E-06,-875.8970015E-03,-20.4397206E-03
-33.5000E-06,-875.8970015E-03,+35.8416885E-03
-33.4000E-06,-875.8970015E-03,-26.0678615E-03
-33.3000E-06,-875.8970015E-03,-3.5552979E-03
-33.2000E-06,-875.8970015E-03,-26.0678615E-03
-33.1000E-06,-875.8970015E-03,-59.8367069E-03
-33.0000E-06,-858.6679995E-03,-37.3241433E-03
-32.9000E-06,-875.8970015E-03,-26.0678615E-03
-32.8000E-06,-875.8970015E-03,-42.9522842E-03
-32.7000E-06,-875.8970015E-03,-26.0678615E-03
-32.6000E-06,-875.8970015E-03,-37.3241433E-03
-32.5000E-06,-875.8970015E-03,-42.9522842E-03
-32.4000E-06,-875.8970015E-03,-14.8115797E-03
-32.3000E-06,-875.8970015E-03,-42.9522842E-03
-32.2000E-06,-875.8970015E-03,-20.4397206E-03
-32.1000E-06,-875.8970015E-03,-3.5552979E-03
-32.0000E-06,-875.8970015E-03,-42.9522842E-03
-31.9000E-06,-858.6679995E-03,-9.1834388E-03
-31.8000E-06,-875.8970015E-03,-3.5552979E-03
-31.7000E-06,-875.8970015E-03,-14.8115797E-03
-31.6000E-06,-875.8970015E-03,-3.5552979E-03
-31.5000E-06,-875.8970015E-03,-3.5552979E-03
-31.4000E-06,-875.8970015E-03,-42.9522842E-03
-31.3000E-06,-875.8970015E-03,-20.4397206E-03
-31.2000E-06,-858.6679995E-03,-3.5552979E-03
-31.1000E-06,-870.1540008E-03,-3.5552979E-03
-31.0000E-06,-875.8970015E-03,-20.4397205E-03
-30.9000E-06,-873.0255012E-03,-9.1834387E-03
-30.8000E-06,-875.8970015E-03,-42.9522842E-03
-30.7000E-06,-875.8970015E-03,-42.9522842E-03
-30.6000E-06,-875.8970015E-03,-26.0678615E-03
-30.5000E-06,-875.8970015E-03,-37.3241433E-03
-30.4000E-06,-875.8970015E-03,-31.6960024E-03
-30.3000E-06,-870.1540008E-03,-42.9522842E-03
-30.2000E-06,-858.6679995E-03,-3.5552979E-03
-30.1000E-06,-875.8970015E-03,-3.5552979E-03
-30.0000E-06,-855.7964992E-03,-3.5552979E-03
-29.9000E-06,-875.8970015E-03,-3.5552979E-03
-29.8000E-06,-875.8970015E-03,-9.1834388E-03
-29.7000E-06,-875.8970015E-03,-31.6960024E-03
-29.6000E-06,-875.8970015E-03,-14.8115797E-03
-29.5000E-06,-875.8970015E-03,-3.5552979E-03
-29.4000E-06,-875.8970015E-03,-26.0678615E-03
-29.3000E-06,-875.8970015E-03,-42.9522842E-03
-29.2000E-06,-875.8970015E-03,-20.4397206E-03
-29.1000E-06,-875.8970015E-03,-37.3241433E-03
-29.0000E-06,-875.8970015E-03,-42.9522842E-03
-28.9000E-06,-875.8970015E-03,-42.9522842E-03
-28.8000E-06,-875.8970015E-03,-9.1834387E-03
-28.7000E-06,-867.2825005E-03,-59.8367070E-03
-28.6000E-06,-875.8970015E-03,-82.3492705E-03
-28.5000E-06,-864.4110002E-03,-42.9522842E-03
-28.4000E-06,-873.0255011E-03,-9.1834388E-03
-28.3000E-06,-875.8970015E-03,-14.8115797E-03
-28.2000E-06,-875.8970015E-03,-3.5552979E-03
-28.1000E-06,-875.8970015E-03,-37.3241433E-03
-28.0000E-06,-864.4110002E-03,-3.5552979E-03
-27.9000E-06,-875.8970015E-03,-3.5552979E-03
-27.8000E-06,-895.9975038E-03,+35.8416885E-03
-27.7000E-06,-875.8970015E-03,-37.3241433E-03
-27.6000E-06,-875.8970015E-03,-14.8115797E-03
-27.5000E-06,-875.8970015E-03,-42.9522842E-03
-27.4000E-06,-875.8970015E-03,-37.3241433E-03
-27.3000E-06,-875.8970015E-03,-26.0678615E-03
-27.2000E-06,-875.8970015E-03,-3.5552979E-03
-27.1000E-06,-875.8970015E-03,-42.9522842E-03
-27.0000E-06,-875.8970015E-03,-9.1834388E-03
-26.9000E-06,-875.8970015E-03,-31.6960024E-03
-26.8000E-06,-875.8970015E-03,-42.9522842E-03
-26.7000E-06,-875.8970015E-03,-37.3241433E-03
-26.6000E-06,-875.8970015E-03,-42.9522842E-03
-26.5000E-06,-875.8970015E-03,-42.9522842E-03
-26.4000E-06,-875.8970015E-03,-3.5552979E-03
-26.3000E-06,-875.8970015E-03,-42.9522842E-03
-26.2000E-06,-881.6400021E-03,-31.6960024E-03
-26.1000E-06,-855.7964992E-03,-31.6960024E-03
-26.0000E-06,-875.8970015E-03,-37.3241433E-03
-25.9000E-06,-875.8970015E-03,-20.4397206E-03
-25.8000E-06,-875.8970015E-03,-42.9522842E-03
-25.7000E-06,-875.8970015E-03,-3.5552979E-03
-25.6000E-06,-858.6679995E-03,-9.1834388E-03
-25.5000E-06,-870.1540008E-03,-14.8115797E-03
-25.4000E-06,-861.5394998E-03,-31.6960024E-03
-25.3000E-06,-873.0255012E-03,-9.1834387E-03
-25.2000E-06,-867.2825005E-03,-26.0678615E-03
-25.1000E-06,-895.9975038E-03,-42.9522842E-03
-25.0000E-06,-875.8970015E-03,-42.9522842E-03
-24.9000E-06,-875.8970015E-03,-37.3241433E-03
-24.8000E-06,-861.5394998E-03,-42.9522842E-03
-24.7000E-06,-875.8970015E-03,-3.5552979E-03
-24.6000E-06,-875.8970015E-03,-37.3241433E-03
-24.5000E-06,-875.8970015E-03,-26.0678615E-03
-24.4000E-06,-875.8970015E-03,-42.9522842E-03
-24.3000E-06,-864.4110002E-03,-3.5552979E-03
-24.2000E-06,-875.8970015E-03,-42.9522842E-03
-24.1000E-06,-875.8970015E-03,-20.4397206E-03
-24.0000E-06,-890.2545031E-03,-14.8115797E-03
-23.9000E-06,-873.0255012E-03,+2.0728430E-03
-23.8000E-06,-864.4110002E-03,+2.0728430E-03
-23.7000E-06,-875.8970015E-03,+35.8416885E-03
-23.6000E-06,-875.8970015E-03,-42.9522842E-03
-23.5000E-06,-875.8970015E-03,-3.5552979E-03
-23.4000E-06,-875.8970015E-03,-14.8115797E-03
-23.3000E-06,-875.8970015E-03,-31.6960024E-03
-23.2000E-06,-875.8970015E-03,-9.1834387E-03
-23.1000E-06,-875.8970015E-03,-26.0678615E-03
-23.0000E-06,-855.7964992E-03,-42.9522842E-03
-22.9000E-06,-884.5115025E-03,-42.9522842E-03
-22.8000E-06,-858.6679995E-03,-37.3241433E-03
-22.7000E-06,-881.6400021E-03,-3.5552979E-03
-22.6000E-06,-875.8970015E-03,-42.9522842E-03
-22.5000E-06,-858.6679995E-03,-37.3241433E-03
-22.4000E-06,-875.8970015E-03,-3.5552979E-03
-22.3000E-06,-875.8970015E-03,-42.9522842E-03
-22.2000E-06,-875.8970015E-03,-9.1834388E-03
-22.1000E-06,-875.8970015E-03,-37.3241433E-03
-22.0000E-06,-870.1540008E-03,-3.5552979E-03
-21.9000E-06,-890.2545031E-03,+13.3291248E-03
-21.8000E-06,-873.0255012E-03,-9.1834387E-03
-21.7000E-06,-875.8970015E-03,-3.5552979E-03
-21.6000E-06,-895.9975038E-03,-3.5552979E-03
-21.5000E-06,-875.8970015E-03,+2.0728431E-03
-21.4000E-06,-875.8970015E-03,-42.9522842E-03
-21.3000E-06,-875.8970015E-03,-14.8115797E-03
-21.2000E-06,-875.8970015E-03,-59.8367069E-03
-21.1000E-06,-875.8970015E-03,-3.5552979E-03
-21.0000E-06,-864.4110002E-03,-26.0678615E-03
-20.9000E-06,-875.8970015E-03,-42.9522842E-03
-20.8000E-06,-875.8970015E-03,-42.9522842E-03
-20.7000E-06,-875.8970015E-03,-76.7211297E-03
-20.6000E-06,-881.6400021E-03,-20.4397206E-03
-20.5000E-06,-875.8970015E-03,-42.9522842E-03
-20.4000E-06,-875.8970015E-03,-37.3241433E-03
-20.3000E-06,-875.8970015E-03,-20.4397206E-03
-20.2000E-06,-895.9975038E-03,-3.5552979E-03
-20.1000E-06,-895.9975038E-03,-26.0678615E-03
-20.0000E-06,-875.8970015E-03,-9.1834388E-03
-19.9000E-06,-875.8970015E-03,+13.3291249E-03
-19.8000E-06,-875.8970015E-03,-14.8115797E-03
-19.7000E-06,-875.8970015E-03,-3.5552979E-03
-19.6000E-06,-873.0255012E-03,-65.4648478E-03
-19.5000E-06,-875.8970015E-03,-3.5552979E-03
-19.4000E-06,-875.8970015E-03,-20.4397206E-03
-19.3000E-06,-875.8970015E-03,+2.0728431E-03
-19.2000E-06,-870.1540008E-03,-14.8115797E-03
-19.1000E-06,-855.7964992E-03,-31.6960024E-03
-19.0000E-06,-875.8970015E-03,-37.3241433E-03
-18.9000E-06,-867.2825005E-03,-26.0678615E-03
-18.8000E-06,-855.7964992E-03,-82.3492705E-03
-18.7000E-06,-875.8970015E-03,-26.0678615E-03
-18.6000E-06,-873.0255011E-03,-42.9522842E-03
-18.5000E-06,-881.6400021E-03,-31.6960024E-03
-18.4000E-06,-884.5115024E-03,-42.9522842E-03
-18.3000E-06,-895.9975038E-03,-3.5552979E-03
-18.2000E-06,-875.8970015E-03,-42.9522842E-03
-18.1000E-06,-875.8970015E-03,-42.9522842E-03
-18.0000E-06,-867.2825005E-03,-42.9522842E-03
-17.9000E-06,-858.6679995E-03,-3.5552979E-03
-17.8000E-06,-870.1540008E-03,-14.8115797E-03
-17.7000E-06,-875.8970015E-03,-3.5552979E-03
-17.6000E-06,-875.8970015E-03,-9.1834387E-03
-17.5000E-06,-875.8970015E-03,-9.1834387E-03
-17.4000E-06,-855.7964992E-03,-3.5552978E-03
-17.3000E-06,-875.8970015E-03,-3.5552979E-03
-17.2000E-06,-858.6679995E-03,-42.9522842E-03
-17.1000E-06,-875.8970015E-03,-31.6960024E-03
-17.0000E-06,-875.8970015E-03,+7.7009840E-03
-16.9000E-06,-875.8970015E-03,-42.9522842E-03
-16.8000E-06,-875.8970015E-03,-42.9522842E-03
-16.7000E-06,-875.8970015E-03,-82.3492705E-03
-16.6000E-06,-875.8970015E-03,-26.0678615E-03
-16.5000E-06,-875.8970015E-03,-9.1834388E-03
-16.4000E-06,-875.8970015E-03,+7.7009839E-03
-16.3000E-06,-875.8970015E-03,-14.8115797E-03
-16.2000E-06,-875.8970015E-03,-3.5552979E-03
-16.1000E-06,-875.8970015E-03,-20.4397206E-03
-16.0000E-06,-855.7964992E-03,-3.5552979E-03
-15.9000E-06,-875.8970015E-03,-3.5552979E-03
-15.8000E-06,-875.8970015E-03,-3.5552979E-03
-15.7000E-06,-875.8970015E-03,-3.5552979E-03
-15.6000E-06,-875.8970015E-03,-3.5552979E-03
-15.5000E-06,-858.6679995E-03,-9.1834387E-03
-15.4000E-06,-875.8970015E-03,-42.9522842E-03
-15.3000E-06,-855.7964992E-03,-3.5552979E-03
-15.2000E-06,-864.4110002E-03,-42.9522842E-03
-15.1000E-06,-893.1260034E-03,-71.0929887E-03
-15.0000E-06,-875.8970015E-03,-14.8115797E-03
-14.9000E-06,-875.8970015E-03,-42.9522842E-03
-14.8000E-06,-878.7685018E-03,-71.0929888E-03
-14.7000E-06,-875.8970015E-03,-42.9522842E-03
-14.6000E-06,-855.7964992E-03,-42.9522842E-03
-14.5000E-06,-875.8970015E-03,-26.0678615E-03
-14.4000E-06,-873.0255011E-03,-9.1834388E-03
-14.3000E-06,-890.2545031E-03,-31.6960024E-03
-14.2000E-06,-875.8970015E-03,-3.5552979E-03
-14.1000E-06,-875.8970015E-03,-3.5552979E-03
-14.0000E-06,-875.8970015E-03,-3.5552979E-03
-13.9000E-06,-875.8970015E-03,-42.9522842E-03
-13.8000E-06,-887.3830028E-03,-3.5552979E-03
-13.7000E-06,-875.8970015E-03,-37.3241433E-03
-13.6000E-06,-875.8970015E-03,-42.9522842E-03
-13.5000E-06,-875.8970015E-03,-31.6960024E-03
-13.4000E-06,-875.8970015E-03,-9.1834387E-03
-13.3000E-06,-884.5115025E-03,-3.5552979E-03
-13.2000E-06,-875.8970015E-03,-42.9522842E-03
-13.1000E-06,-855.7964992E-03,-42.9522842E-03
-13.0000E-06,-875.8970015E-03,-9.1834388E-03
-12.9000E-06,-881.6400021E-03,-71.0929888E-03
-12.8000E-06,-875.8970015E-03,-31.6960024E-03
-12.7000E-06,-878.7685018E-03,-31.6960024E-03
-12.6000E-06,-875.8970015E-03,-3.5552979E-03
-12.5000E-06,-875.8970015E-03,-42.9522842E-03
-12.4000E-06,-875.8970015E-03,+13.3291249E-03
-12.3000E-06,-858.6679995E-03,-48.5804251E-03
-12.2000E-06,-870.1540008E-03,-3.5552979E-03
-12.1000E-06,-875.8970015E-03,+7.7009840E-03
-12.0000E-06,-875.8970015E-03,-3.5552979E-03
-11.9000E-06,-875.8970015E-03,-26.0678615E-03
-11.8000E-06,-875.8970015E-03,-3.5552979E-03
-11.7000E-06,-875.8970015E-03,-20.4397206E-03
-11.6000E-06,-893.1260034E-03,-42.9522842E-03
-11.5000E-06,-875.8970015E-03,-42.9522842E-03
-11.4000E-06,-875.8970015E-03,-42.9522842E-03
-11.3000E-06,-875.8970015E-03,-9.1834387E-03
-11.2000E-06,-875.8970015E-03,-20.4397206E-03
-11.1000E-06,-855.7964992E-03,-42.9522842E-03
-11.0000E-06,-887.3830028E-03,-42.9522842E-03
-10.9000E-06,-875.8970015E-03,-48.5804251E-03
-10.8000E-06,-875.8970015E-03,-3.5552979E-03
-10.7000E-06,-875.8970015E-03,-42.9522842E-03
-10.6000E-06,-875.8970015E-03,-3.5552979E-03
-10.5000E-06,-875.8970015E-03,-26.0678615E-03
-10.4000E-06,-895.9975038E-03,-3.5552979E-03
-10.3000E-06,-864.4110002E-03,-42.9522842E-03
-10.2000E-06,-878.7685018E-03,-9.1834388E-03
-10.1000E-06,-875.8970015E-03,-3.5552979E-03
-10.0000E-06,-881.6400021E-03,-3.5552979E-03
-9.9000E-06,-875.8970015E-03,-9.1834387E-03
-9.8000E-06,-855.7964992E-03,-26.0678615E-03
-9.7000E-06,-855.7964992E-03,-3.5552979E-03
-9.6000E-06,-875.8970015E-03,-42.9522842E-03
-9.5000E-06,-875.8970015E-03,-3.5552979E-03
-9.4000E-06,-875.8970015E-03,-3.5552979E-03
-9.3000E-06,-875.8970015E-03,-42.9522842E-03
-9.2000E-06,-875.8970015E-03,-37.3241433E-03
-9.1000E-06,-864.4110002E-03,-42.9522842E-03
-9.0000E-06,-875.8970015E-03,-42.9522842E-03
-8.9000E-06,-875.8970015E-03,-42.9522842E-03
-8.8000E-06,-878.7685018E-03,-3.5552979E-03
-8.7000E-06,-875.8970015E-03,-31.6960024E-03
-8.6000E-06,-875.8970015E-03,-3.5552979E-03
-8.5000E-06,-875.8970015E-03,-3.5552979E-03
-8.4000E-06,-875.8970015E-03,-3.5552979E-03
-8.3000E-06,-875.8970015E-03,-3.5552979E-03
-8.2000E-06,-875.8970015E-03,-42.9522842E-03
-8.1000E-06,-875.8970015E-03,-3.5552979E-03
-8.0000E-06,-875.8970015E-03,-42.9522842E-03
-7.9000E-06,-875.8970015E-03,-14.8115797E-03
-7.8000E-06,-875.8970015E-03,-42.9522842E-03
-7.7000E-06,-875.8970015E-03,-42.9522842E-03
-7.6000E-06,-895.9975038E-03,-3.5552979E-03
-7.5000E-06,-875.8970015E-03,-42.9522842E-03
-7.4000E-06,-875.8970015E-03,-37.3241433E-03
-7.3000E-06,-875.8970015E-03,-42.9522842E-03
-7.2000E-06,-875.8970015E-03,-54.2085661E-03
-7.1000E-06,-875.8970015E-03,-31.6960024E-03
-7.0000E-06,-875.8970015E-03,-20.4397206E-03
-6.9000E-06,-875.8970015E-03,-3.5552979E-03
-6.8000E-06,-864.4110002E-03,-48.5804252E-03
-6.7000E-06,-875.8970015E-03,-9.1834388E-03
-6.6000E-06,-861.5394998E-03,-31.6960024E-03
-6.5000E-06,-875.8970015E-03,-3.5552979E-03
-6.4000E-06,-893.1260035E-03,-3.5552979E-03
-6.3000E-06,-875.8970015E-03,-20.4397206E-03
-6.2000E-06,-875.8970015E-03,-3.5552978E-03
-6.1000E-06,-875.8970015E-03,-3.5552979E-03
-6.0000E-06,-875.8970015E-03,-9.1834388E-03
-5.9000E-06,-875.8970015E-03,-42.9522842E-03
-5.8000E-06,-875.8970015E-03,-31.6960024E-03
-5.7000E-06,-875.8970015E-03,-42.9522842E-03
-5.6000E-06,-875.8970015E-03,-3.5552979E-03
-5.5000E-06,-875.8970015E-03,-42.9522842E-03
-5.4000E-06,-873.0255011E-03,-26.0678615E-03
-5.3000E-06,-875.8970015E-03,-37.3241433E-03
-5.2000E-06,-875.8970015E-03,-31.6960024E-03
-5.1000E-06,-875.8970015E-03,-42.9522842E-03
-5.0000E-06,-878.7685018E-03,-37.3241433E-03
-4.9000E-06,-875.8970015E-03,-20.4397206E-03
-4.8000E-06,-875.8970015E-03,-3.5552979E-03
-4.7000E-06,-875.8970015E-03,-42.9522842E-03
-4.6000E-06,-875.8970015E-03,-42.9522842E-03
-4.5000E-06,-890.2545031E-03,+13.3291249E-03
-4.4000E-06,-875.8970015E-03,-14.8115797E-03
-4.3000E-06,-855.7964992E-03,-3.5552979E-03
-4.2000E-06,-875.8970015E-03,-48.5804251E-03
-4.1000E-06,-855.7964992E-03,-42.9522842E-03
-4.0000E-06,-875.8970015E-03,-42.9522842E-03
-3.9000E-06,-878.7685018E-03,-42.9522842E-03
-3.8000E-06,-875.8970015E-03,-42.9522842E-03
-3.7000E-06,-870.1540008E-03,-31.6960024E-03
-3.6000E-06,-875.8970015E-03,-37.3241433E-03
-3.5000E-06,-867.2825005E-03,-20.4397206E-03
-3.4000E-06,-875.8970015E-03,-82.3492705E-03
-3.3000E-06,-875.8970015E-03,-3.5552979E-03
-3.2000E-06,-875.8970015E-03,-9.1834388E-03
-3.1000E-06,-875.8970015E-03,-31.6960024E-03
-3.0000E-06,-870.1540008E-03,+13.3291248E-03
-2.9000E-06,-875.8970015E-03,-9.1834387E-03
-2.8000E-06,-864.4110002E-03,-20.4397206E-03
-2.7000E-06,-875.8970015E-03,-42.9522842E-03
-2.6000E-06,-878.7685018E-03,-14.8115796E-03
-2.5000E-06,-858.6679995E-03,-3.5552979E-03
-2.4000E-06,-870.1540008E-03,-14.8115797E-03
-2.3000E-06,-890.2545031E-03,-31.6960024E-03
-2.2000E-06,-875.8970015E-03,-42.9522842E-03
-2.1000E-06,-875.8970015E-03,-3.5552979E-03
-2.0000E-06,-875.8970015E-03,-42.9522842E-03
-1.9000E-06,-884.5115025E-03,-42.9522842E-03
-1.8000E-06,-875.8970015E-03,-37.3241433E-03
-1.7000E-06,-875.8970015E-03,-71.0929888E-03
-1.6000E-06,-855.7964992E-03,-14.8115797E-03
-1.5000E-06,-875.8970015E-03,-37.3241433E-03
-1.4000E-06,-875.8970015E-03,-20.4397206E-03
-1.3000E-06,-875.8970015E-03,-3.5552979E-03
-1.2000E-06,-875.8970015E-03,-26.0678615E-03
-1.1000E-06,-875.8970015E-03,-9.1834388E-03
-1.0000E-06,-875.8970015E-03,-31.6960024E-03
-900.0E-09,-875.8970015E-03,-26.0678615E-03
-800.0E-09,-893.1260035E-03,+24.5854067E-03
-700.0E-09,-884.5115025E-03,-26.0678615E-03
-600.0E-09,-875.8970015E-03,-3.5552979E-03
-500.0E-09,-875.8970015E-03,+2.0728431E-03
-400.0E-09,-878.7685018E-03,-37.3241433E-03
-300.0E-09,-867.2825005E-03,-31.6960024E-03
-200.0E-09,-875.8970015E-03,-42.9522842E-03
-100.0E-09,-878.7685018E-03,-42.9522842E-03
+0.0E+00,+258.3456282E-03,+435.4396932E-03
+100.0E-09,+350.2336387E-03,+1.0995603204E+00
+200.0E-09,+301.4181331E-03,+1.0601633340E+00
+300.0E-09,+310.0326341E-03,+986.9975022E-03
+400.0E-09,+330.1331364E-03,+992.6256431E-03
+500.0E-09,+355.9766393E-03,+970.1130794E-03
+600.0E-09,+350.2336387E-03,+941.9723749E-03
+700.0E-09,+370.3341410E-03,+925.0879522E-03
+800.0E-09,+390.4346433E-03,+863.1784022E-03
+900.0E-09,+410.5351456E-03,+880.0628249E-03
+1.0000E-06,+430.6356478E-03,+823.7814158E-03
+1.1000E-06,+430.6356478E-03,+795.6407113E-03
+1.2000E-06,+444.9931495E-03,+784.3844295E-03
+1.3000E-06,+450.7361501E-03,+750.6155840E-03
+1.4000E-06,+462.2221514E-03,+761.8718658E-03
+1.5000E-06,+470.8366524E-03,+705.5904567E-03
+1.6000E-06,+490.9371547E-03,+705.5904567E-03
+1.7000E-06,+493.8086551E-03,+638.0527658E-03
+1.8000E-06,+511.0376570E-03,+615.5402022E-03
+1.9000E-06,+525.3951587E-03,+626.7964840E-03
+2.0000E-06,+531.1381593E-03,+626.7964840E-03
+2.1000E-06,+531.1381593E-03,+570.5150749E-03
+2.2000E-06,+551.2386616E-03,+587.3994976E-03
+2.3000E-06,+551.2386616E-03,+548.0025113E-03
+2.4000E-06,+551.2386616E-03,+508.6055249E-03
+2.5000E-06,+571.3391639E-03,+480.4648203E-03
+2.6000E-06,+571.3391639E-03,+508.6055249E-03
+2.7000E-06,+574.2106642E-03,+480.4648203E-03
+2.8000E-06,+571.3391639E-03,+469.2085385E-03
+2.9000E-06,+591.4396662E-03,+429.8115522E-03
+3.0000E-06,+591.4396662E-03,+469.2085385E-03
+3.1000E-06,+611.5401685E-03,+463.5803976E-03
+3.2000E-06,+611.5401685E-03,+390.4145658E-03
+3.3000E-06,+631.6406708E-03,+429.8115522E-03
+3.4000E-06,+651.7411731E-03,+351.0175794E-03
+3.5000E-06,+631.6406708E-03,+390.4145658E-03
+3.6000E-06,+651.7411731E-03,+311.6205931E-03
+3.7000E-06,+651.7411731E-03,+311.6205931E-03
+3.8000E-06,+651.7411731E-03,+317.2487340E-03
+3.9000E-06,+671.8416754E-03,+311.6205931E-03
+4.0000E-06,+671.8416754E-03,+311.6205931E-03
+4.1000E-06,+671.8416754E-03,+311.6205931E-03
+4.2000E-06,+671.8416754E-03,+249.7110431E-03
+4.3000E-06,+671.8416754E-03,+272.2236067E-03
+4.4000E-06,+671.8416754E-03,+266.5954658E-03
+4.5000E-06,+691.9421777E-03,+238.4547613E-03
+4.6000E-06,+706.2996794E-03,+244.0829021E-03
+4.7000E-06,+691.9421777E-03,+272.2236067E-03
+4.8000E-06,+712.0426800E-03,+300.3643113E-03
+4.9000E-06,+691.9421777E-03,+272.2236067E-03
+5.0000E-06,+712.0426800E-03,+232.8266203E-03
+5.1000E-06,+712.0426800E-03,+255.3391840E-03
+5.2000E-06,+712.0426800E-03,+227.1984794E-03
+5.3000E-06,+726.4001817E-03,+204.6859158E-03
+5.4000E-06,+732.1431823E-03,+204.6859158E-03
+5.5000E-06,+732.1431823E-03,+221.5703386E-03
+5.6000E-06,+732.1431823E-03,+193.4296340E-03
+5.7000E-06,+732.1431823E-03,+193.4296340E-03
+5.8000E-06,+732.1431823E-03,+159.6607886E-03
+5.9000E-06,+752.2436846E-03,+159.6607885E-03
+6.0000E-06,+746.5006840E-03,+142.7763658E-03
+6.1000E-06,+737.8861830E-03,+154.0326476E-03
+6.2000E-06,+732.1431823E-03,+154.0326476E-03
+6.3000E-06,+752.2436846E-03,+131.5200840E-03
+6.4000E-06,+752.2436846E-03,+75.2386749E-03
+6.5000E-06,+743.6291836E-03,+154.0326476E-03
+6.6000E-06,+772.3441869E-03,+109.0075203E-03
+6.7000E-06,+766.6011863E-03,+125.8919430E-03
+6.8000E-06,+772.3441869E-03,+131.5200839E-03
+6.9000E-06,+772.3441869E-03,+148.4045067E-03
+7.0000E-06,+772.3441869E-03,+114.6356612E-03
+7.1000E-06,+772.3441869E-03,+154.0326476E-03
+7.2000E-06,+772.3441869E-03,+137.1482249E-03
+7.3000E-06,+772.3441869E-03,+114.6356612E-03
+7.4000E-06,+772.3441869E-03,+103.3793794E-03
+7.5000E-06,+772.3441869E-03,+86.4949567E-03
+7.6000E-06,+792.4446892E-03,+75.2386749E-03
+7.7000E-06,+792.4446892E-03,+75.2386749E-03
+7.8000E-06,+792.4446892E-03,+75.2386749E-03
+7.9000E-06,+803.9306905E-03,+58.3542522E-03
+8.0000E-06,+792.4446892E-03,+80.8668158E-03
+8.1000E-06,+786.7016886E-03,+75.2386749E-03
+8.2000E-06,+792.4446892E-03,+35.8416885E-03
+8.3000E-06,+789.5731889E-03,+47.0979703E-03
+8.4000E-06,+792.4446892E-03,+75.2386749E-03
+8.5000E-06,+792.4446892E-03,+75.2386749E-03
+8.6000E-06,+792.4446892E-03,+92.1230976E-03
+8.7000E-06,+792.4446892E-03,+63.9823930E-03
+8.8000E-06,+798.1876898E-03,+75.2386749E-03
+8.9000E-06,+798.1876899E-03,+92.1230976E-03
+9.0000E-06,+812.5451915E-03,+97.7512386E-03
+9.1000E-06,+812.5451915E-03,+35.8416885E-03
+9.2000E-06,+812.5451915E-03,+75.2386749E-03
+9.3000E-06,+801.0591902E-03,+80.8668158E-03
+9.4000E-06,+812.5451915E-03,+35.8416885E-03
+9.5000E-06,+806.8021908E-03,+63.9823931E-03
+9.6000E-06,+812.5451915E-03,+7.7009840E-03
+9.7000E-06,+812.5451915E-03,+35.8416885E-03
+9.8000E-06,+812.5451915E-03,+13.3291249E-03
+9.9000E-06,+812.5451915E-03,-3.5552978E-03
+10.0000E-06,+824.0311928E-03,+35.8416885E-03
+10.1000E-06,+812.5451915E-03,+35.8416885E-03
+10.2000E-06,+812.5451915E-03,+7.7009839E-03
+10.3000E-06,+803.9306905E-03,-3.5552979E-03
+10.4000E-06,+815.4166918E-03,+2.0728430E-03
+10.5000E-06,+812.5451915E-03,+41.4698294E-03
+10.6000E-06,+812.5451915E-03,+35.8416885E-03
+10.7000E-06,+812.5451915E-03,+35.8416885E-03
+10.8000E-06,+829.7741935E-03,+69.6105340E-03
+10.9000E-06,+818.2881921E-03,+24.5854067E-03
+11.0000E-06,+812.5451915E-03,+24.5854067E-03
+11.1000E-06,+812.5451915E-03,+30.2135476E-03
+11.2000E-06,+824.0311928E-03,+13.3291249E-03
+11.3000E-06,+812.5451915E-03,+35.8416885E-03
+11.4000E-06,+821.1596925E-03,+41.4698295E-03
+11.5000E-06,+832.6456938E-03,+2.0728431E-03
+11.6000E-06,+832.6456938E-03,-3.5552979E-03
+11.7000E-06,+832.6456938E-03,+7.7009840E-03
+11.8000E-06,+832.6456938E-03,-37.3241433E-03
+11.9000E-06,+841.2601948E-03,-3.5552979E-03
+12.0000E-06,+812.5451915E-03,-3.5552978E-03
+12.1000E-06,+844.1316951E-03,+13.3291249E-03
+12.2000E-06,+815.4166918E-03,-9.1834388E-03
+12.3000E-06,+832.6456938E-03,-3.5552979E-03
+12.4000E-06,+832.6456938E-03,+24.5854067E-03
+12.5000E-06,+815.4166918E-03,+30.2135476E-03
+12.6000E-06,+824.0311928E-03,+2.0728430E-03
+12.7000E-06,+832.6456938E-03,+35.8416885E-03
+12.8000E-06,+832.6456938E-03,+18.9572658E-03
+12.9000E-06,+832.6456938E-03,+2.0728431E-03
+13.0000E-06,+832.6456938E-03,+7.7009839E-03
+13.1000E-06,+832.6456938E-03,-20.4397205E-03
+13.2000E-06,+849.8746958E-03,-3.5552979E-03
+13.3000E-06,+832.6456938E-03,-3.5552979E-03
+13.4000E-06,+832.6456938E-03,-3.5552979E-03
+13.5000E-06,+844.1316951E-03,-26.0678615E-03
+13.6000E-06,+832.6456938E-03,-3.5552979E-03
+13.7000E-06,+832.6456938E-03,-3.5552979E-03
+13.8000E-06,+832.6456938E-03,-3.5552979E-03
+13.9000E-06,+832.6456938E-03,-37.3241433E-03
+14.0000E-06,+841.2601948E-03,-20.4397206E-03
+14.1000E-06,+832.6456938E-03,-3.5552979E-03
+14.2000E-06,+832.6456938E-03,-3.5552979E-03
+14.3000E-06,+835.5171941E-03,+24.5854067E-03
+14.4000E-06,+838.3886944E-03,+13.3291249E-03
+14.5000E-06,+832.6456938E-03,-14.8115797E-03
+14.6000E-06,+832.6456938E-03,+2.0728430E-03
+14.7000E-06,+844.1316951E-03,+13.3291249E-03
+14.8000E-06,+832.6456938E-03,-3.5552979E-03
+14.9000E-06,+832.6456938E-03,+2.0728431E-03
+15.0000E-06,+832.6456938E-03,-37.3241433E-03
+15.1000E-06,+832.6456938E-03,-31.6960024E-03
+15.2000E-06,+832.6456938E-03,-31.6960024E-03
+15.3000E-06,+832.6456938E-03,-9.1834387E-03
+15.4000E-06,+832.6456938E-03,+18.9572658E-03
+15.5000E-06,+852.7461961E-03,-42.9522842E-03
+15.6000E-06,+841.2601948E-03,-20.4397206E-03
+15.7000E-06,+832.6456938E-03,-37.3241433E-03
+15.8000E-06,+838.3886944E-03,-31.6960024E-03
+15.9000E-06,+832.6456938E-03,-42.9522842E-03
+16.0000E-06,+832.6456938E-03,-42.9522842E-03
+16.1000E-06,+832.6456938E-03,-3.5552979E-03
+16.2000E-06,+832.6456938E-03,-42.9522842E-03
+16.3000E-06,+832.6456938E-03,-3.5552979E-03
+16.4000E-06,+835.5171941E-03,-9.1834388E-03
+16.5000E-06,+832.6456938E-03,+13.3291249E-03
+16.6000E-06,+832.6456938E-03,+24.5854067E-03
+16.7000E-06,+849.8746958E-03,-42.9522842E-03
+16.8000E-06,+832.6456938E-03,-26.0678615E-03
+16.9000E-06,+832.6456938E-03,-3.5552979E-03
+17.0000E-06,+841.2601948E-03,-20.4397206E-03
+17.1000E-06,+832.6456938E-03,-3.5552979E-03
+17.2000E-06,+852.7461961E-03,-42.9522842E-03
+17.3000E-06,+852.7461961E-03,-31.6960024E-03
+17.4000E-06,+832.6456938E-03,-3.5552979E-03
+17.5000E-06,+841.2601948E-03,-65.4648478E-03
+17.6000E-06,+832.6456938E-03,-3.5552979E-03
+17.7000E-06,+852.7461961E-03,-3.5552979E-03
+17.8000E-06,+832.6456938E-03,-42.9522842E-03
+17.9000E-06,+852.7461961E-03,-31.6960024E-03
+18.0000E-06,+832.6456938E-03,-82.3492706E-03
+18.1000E-06,+832.6456938E-03,+30.2135476E-03
+18.2000E-06,+832.6456938E-03,-3.5552979E-03
+18.3000E-06,+852.7461961E-03,-3.5552979E-03
+18.4000E-06,+832.6456938E-03,-3.5552979E-03
+18.5000E-06,+849.8746958E-03,-37.3241433E-03
+18.6000E-06,+832.6456938E-03,-14.8115797E-03
+18.7000E-06,+832.6456938E-03,-31.6960024E-03
+18.8000E-06,+835.5171941E-03,-48.5804251E-03
+18.9000E-06,+852.7461961E-03,-9.1834387E-03
+19.0000E-06,+832.6456938E-03,-3.5552978E-03
+19.1000E-06,+852.7461961E-03,-9.1834388E-03
+19.2000E-06,+852.7461961E-03,-37.3241433E-03
+19.3000E-06,+838.3886944E-03,-26.0678615E-03
+19.4000E-06,+832.6456938E-03,-42.9522842E-03
+19.5000E-06,+852.7461961E-03,-37.3241433E-03
+19.6000E-06,+852.7461961E-03,-20.4397206E-03
+19.7000E-06,+852.7461961E-03,-3.5552979E-03
+19.8000E-06,+832.6456938E-03,-3.5552979E-03
+19.9000E-06,+852.7461961E-03,-42.9522842E-03
+20.0000E-06,+838.3886944E-03,+7.7009839E-03
+20.1000E-06,+852.7461961E-03,-3.5552979E-03
+20.2000E-06,+832.6456938E-03,-9.1834387E-03
+20.3000E-06,+832.6456938E-03,-26.0678615E-03
+20.4000E-06,+852.7461961E-03,-3.5552979E-03
+20.5000E-06,+852.7461961E-03,-3.5552979E-03
+20.6000E-06,+849.8746958E-03,+2.0728431E-03
+20.7000E-06,+832.6456938E-03,-3.5552979E-03
+20.8000E-06,+852.7461961E-03,-31.6960024E-03
+20.9000E-06,+852.7461961E-03,-42.9522842E-03
+21.0000E-06,+841.2601948E-03,-20.4397206E-03
+21.1000E-06,+852.7461961E-03,-42.9522842E-03
+21.2000E-06,+852.7461961E-03,-20.4397206E-03
+21.3000E-06,+835.5171941E-03,-42.9522842E-03
+21.4000E-06,+852.7461961E-03,-3.5552979E-03
+21.5000E-06,+832.6456938E-03,-3.5552979E-03
+21.6000E-06,+832.6456938E-03,-42.9522842E-03
+21.7000E-06,+841.2601948E-03,-3.5552979E-03
+21.8000E-06,+852.7461961E-03,+35.8416885E-03
+21.9000E-06,+832.6456938E-03,-26.0678615E-03
+22.0000E-06,+852.7461961E-03,-3.5552979E-03
+22.1000E-06,+832.6456938E-03,-14.8115797E-03
+22.2000E-06,+838.3886945E-03,-14.8115797E-03
+22.3000E-06,+835.5171941E-03,-9.1834387E-03
+22.4000E-06,+832.6456938E-03,-9.1834387E-03
+22.5000E-06,+832.6456938E-03,-3.5552979E-03
+22.6000E-06,+852.7461961E-03,-3.5552979E-03
+22.7000E-06,+852.7461961E-03,-3.5552979E-03
+22.8000E-06,+852.7461961E-03,-42.9522842E-03
+22.9000E-06,+852.7461961E-03,-3.5552979E-03
+23.0000E-06,+849.8746958E-03,-9.1834387E-03
+23.1000E-06,+852.7461961E-03,-26.0678615E-03
+23.2000E-06,+852.7461961E-03,-42.9522842E-03
+23.3000E-06,+841.2601948E-03,-42.9522842E-03
+23.4000E-06,+835.5171941E-03,-42.9522842E-03
+23.5000E-06,+832.6456938E-03,-3.5552979E-03
+23.6000E-06,+838.3886945E-03,-31.6960024E-03
+23.7000E-06,+852.7461961E-03,-37.3241433E-03
+23.8000E-06,+832.6456938E-03,+2.0728430E-03
+23.9000E-06,+832.6456938E-03,-3.5552979E-03
+24.0000E-06,+832.6456938E-03,-26.0678615E-03
+24.1000E-06,+832.6456938E-03,-9.1834388E-03
+24.2000E-06,+852.7461961E-03,-3.5552979E-03
+24.3000E-06,+852.7461961E-03,-14.8115797E-03
+24.4000E-06,+852.7461961E-03,-9.1834387E-03
+24.5000E-06,+852.7461961E-03,-42.9522842E-03
+24.6000E-06,+832.6456938E-03,-42.9522842E-03
+24.7000E-06,+841.2601948E-03,-42.9522842E-03
+24.8000E-06,+852.7461961E-03,-37.3241433E-03
+24.9000E-06,+838.3886944E-03,-14.8115797E-03
+25.0000E-06,+847.0031954E-03,-59.8367069E-03
+25.1000E-06,+849.8746958E-03,-42.9522842E-03
+25.2000E-06,+852.7461961E-03,-26.0678615E-03
+25.3000E-06,+852.7461961E-03,-42.9522842E-03
+25.4000E-06,+844.1316951E-03,-26.0678615E-03
+25.5000E-06,+852.7461961E-03,-3.5552979E-03
+25.6000E-06,+847.0031954E-03,-59.8367070E-03
+25.7000E-06,+847.0031954E-03,-14.8115797E-03
+25.8000E-06,+852.7461961E-03,-3.5552979E-03
+25.9000E-06,+844.1316951E-03,-20.4397206E-03
+26.0000E-06,+832.6456938E-03,-3.5552979E-03
+26.1000E-06,+852.7461961E-03,-3.5552979E-03
+26.2000E-06,+832.6456938E-03,-3.5552979E-03
+26.3000E-06,+838.3886944E-03,+24.5854067E-03
+26.4000E-06,+847.0031954E-03,-42.9522842E-03
+26.5000E-06,+832.6456938E-03,-9.1834387E-03
+26.6000E-06,+844.1316951E-03,-9.1834387E-03
+26.7000E-06,+852.7461961E-03,-42.9522842E-03
+26.8000E-06,+832.6456938E-03,-20.4397206E-03
+26.9000E-06,+832.6456938E-03,-37.3241433E-03
+27.0000E-06,+832.6456938E-03,-3.5552979E-03
+27.1000E-06,+838.3886945E-03,-42.9522842E-03
+27.2000E-06,+852.7461961E-03,-42.9522842E-03
+27.3000E-06,+852.7461961E-03,-42.9522842E-03
+27.4000E-06,+832.6456938E-03,-82.3492706E-03
+27.5000E-06,+844.1316951E-03,-9.1834388E-03
+27.6000E-06,+835.5171941E-03,-42.9522842E-03
+27.7000E-06,+852.7461961E-03,-31.6960024E-03
+27.8000E-06,+838.3886945E-03,-3.5552979E-03
+27.9000E-06,+832.6456938E-03,-9.1834387E-03
+28.0000E-06,+832.6456938E-03,-26.0678615E-03
+28.1000E-06,+832.6456938E-03,-3.5552979E-03
+28.2000E-06,+841.2601948E-03,-42.9522842E-03
+28.3000E-06,+835.5171941E-03,-9.1834388E-03
+28.4000E-06,+852.7461961E-03,-3.5552979E-03
+28.5000E-06,+847.0031954E-03,-31.6960024E-03
+28.6000E-06,+852.7461961E-03,-9.1834387E-03
+28.7000E-06,+852.7461961E-03,-42.9522842E-03
+28.8000E-06,+852.7461961E-03,-3.5552979E-03
+28.9000E-06,+844.1316951E-03,-20.4397206E-03
+29.0000E-06,+835.5171941E-03,-37.3241433E-03
+29.1000E-06,+847.0031954E-03,-48.5804252E-03
+29.2000E-06,+852.7461961E-03,-42.9522842E-03
+29.3000E-06,+849.8746958E-03,-42.9522842E-03
+29.4000E-06,+852.7461961E-03,-20.4397206E-03
+29.5000E-06,+832.6456938E-03,-3.5552979E-03
+29.6000E-06,+852.7461961E-03,-26.0678615E-03
+29.7000E-06,+832.6456938E-03,-9.1834388E-03
+29.8000E-06,+838.3886944E-03,-14.8115797E-03
+29.9000E-06,+847.0031954E-03,-14.8115797E-03
+30.0000E-06,+832.6456938E-03,-3.5552979E-03
+30.1000E-06,+844.1316951E-03,-26.0678615E-03
+30.2000E-06,+852.7461961E-03,-3.5552979E-03
+30.3000E-06,+832.6456938E-03,+18.9572658E-03
+30.4000E-06,+849.8746958E-03,-3.5552979E-03
+30.5000E-06,+847.0031954E-03,-3.5552979E-03
+30.6000E-06,+847.0031954E-03,-31.6960024E-03
+30.7000E-06,+849.8746958E-03,-3.5552979E-03
+30.8000E-06,+832.6456938E-03,-42.9522842E-03
+30.9000E-06,+832.6456938E-03,-82.3492705E-03
+31.0000E-06,+852.7461961E-03,-42.9522842E-03
+31.1000E-06,+835.5171941E-03,-42.9522842E-03
+31.2000E-06,+847.0031954E-03,-31.6960024E-03
+31.3000E-06,+832.6456938E-03,-42.9522842E-03
+31.4000E-06,+835.5171941E-03,-42.9522842E-03
+31.5000E-06,+844.1316951E-03,-20.4397206E-03
+31.6000E-06,+832.6456938E-03,-3.5552979E-03
+31.7000E-06,+841.2601948E-03,-26.0678615E-03
+31.8000E-06,+835.5171941E-03,-9.1834388E-03
+31.9000E-06,+832.6456938E-03,+24.5854067E-03
+32.0000E-06,+847.0031954E-03,-3.5552979E-03
+32.1000E-06,+832.6456938E-03,-14.8115796E-03
+32.2000E-06,+844.1316951E-03,-26.0678615E-03
+32.3000E-06,+832.6456938E-03,-42.9522842E-03
+32.4000E-06,+832.6456938E-03,-20.4397206E-03
+32.5000E-06,+832.6456938E-03,-42.9522842E-03
+32.6000E-06,+852.7461961E-03,-14.8115797E-03
+32.7000E-06,+832.6456938E-03,-31.6960024E-03
+32.8000E-06,+832.6456938E-03,-42.9522842E-03
+32.9000E-06,+852.7461961E-03,-26.0678615E-03
+33.0000E-06,+852.7461961E-03,-42.9522842E-03
+33.1000E-06,+844.1316951E-03,-42.9522842E-03
+33.2000E-06,+835.5171941E-03,-42.9522842E-03
+33.3000E-06,+852.7461961E-03,-71.0929888E-03
+33.4000E-06,+832.6456938E-03,-14.8115797E-03
+33.5000E-06,+832.6456938E-03,-42.9522842E-03
+33.6000E-06,+832.6456938E-03,-37.3241433E-03
+33.7000E-06,+832.6456938E-03,-3.5552979E-03
+33.8000E-06,+832.6456938E-03,-3.5552979E-03
+33.9000E-06,+832.6456938E-03,-48.5804251E-03
+34.0000E-06,+832.6456938E-03,-14.8115797E-03
+34.1000E-06,+832.6456938E-03,-14.8115797E-03
+34.2000E-06,+835.5171941E-03,-3.5552979E-03
+34.3000E-06,+832.6456938E-03,-26.0678615E-03
+34.4000E-06,+832.6456938E-03,-42.9522842E-03
+34.5000E-06,+844.1316951E-03,-26.0678615E-03
+34.6000E-06,+852.7461961E-03,-37.3241433E-03
+34.7000E-06,+832.6456938E-03,-14.8115797E-03
+34.8000E-06,+838.3886945E-03,-31.6960024E-03
+34.9000E-06,+835.5171941E-03,-37.3241433E-03
+35.0000E-06,+832.6456938E-03,-20.4397206E-03
+35.1000E-06,+832.6456938E-03,-42.9522842E-03
+35.2000E-06,+832.6456938E-03,-42.9522842E-03
+35.3000E-06,+852.7461961E-03,-37.3241433E-03
+35.4000E-06,+832.6456938E-03,-31.6960024E-03
+35.5000E-06,+852.7461961E-03,-31.6960024E-03
+35.6000E-06,+849.8746958E-03,+2.0728430E-03
+35.7000E-06,+832.6456938E-03,-20.4397206E-03
+35.8000E-06,+852.7461961E-03,-3.5552979E-03
+35.9000E-06,+852.7461961E-03,+18.9572658E-03
+36.0000E-06,+852.7461961E-03,-9.1834388E-03
+36.1000E-06,+838.3886944E-03,-3.5552979E-03
+36.2000E-06,+832.6456938E-03,-3.5552979E-03
+36.3000E-06,+835.5171941E-03,-9.1834387E-03
+36.4000E-06,+852.7461961E-03,-3.5552979E-03
+36.5000E-06,+832.6456938E-03,-42.9522842E-03
+36.6000E-06,+841.2601948E-03,-20.4397206E-03
+36.7000E-06,+849.8746958E-03,-3.5552979E-03
+36.8000E-06,+838.3886944E-03,+13.3291249E-03
+36.9000E-06,+852.7461961E-03,-42.9522842E-03
+37.0000E-06,+832.6456938E-03,-37.3241433E-03
+37.1000E-06,+844.1316951E-03,-59.8367070E-03
+37.2000E-06,+852.7461961E-03,-42.9522842E-03
+37.3000E-06,+832.6456938E-03,-26.0678615E-03
+37.4000E-06,+835.5171941E-03,-42.9522842E-03
+37.5000E-06,+832.6456938E-03,-42.9522842E-03
+37.6000E-06,+832.6456938E-03,-14.8115797E-03
+37.7000E-06,+832.6456938E-03,-37.3241433E-03
+37.8000E-06,+832.6456938E-03,-3.5552979E-03
+37.9000E-06,+832.6456938E-03,-42.9522842E-03
+38.0000E-06,+844.1316951E-03,-3.5552979E-03
+38.1000E-06,+832.6456938E-03,-42.9522842E-03
+38.2000E-06,+838.3886944E-03,-42.9522842E-03
+38.3000E-06,+838.3886945E-03,-14.8115797E-03
+38.4000E-06,+832.6456938E-03,-14.8115796E-03
+38.5000E-06,+832.6456938E-03,-42.9522842E-03
+38.6000E-06,+832.6456938E-03,-42.9522842E-03
+38.7000E-06,+841.2601948E-03,-20.4397206E-03
+38.8000E-06,+849.8746958E-03,-31.6960024E-03
+38.9000E-06,+832.6456938E-03,-42.9522842E-03
+39.0000E-06,+852.7461961E-03,-42.9522842E-03
+39.1000E-06,+832.6456938E-03,-37.3241433E-03
+39.2000E-06,+832.6456938E-03,-20.4397206E-03
+39.3000E-06,+852.7461961E-03,-42.9522842E-03
+39.4000E-06,+832.6456938E-03,-48.5804252E-03
+39.5000E-06,+852.7461961E-03,-3.5552979E-03
+39.6000E-06,+852.7461961E-03,+7.7009839E-03
+39.7000E-06,+832.6456938E-03,-14.8115797E-03
+39.8000E-06,+835.5171941E-03,-42.9522842E-03
+39.9000E-06,+832.6456938E-03,-42.9522842E-03
+40.0000E-06,+832.6456938E-03,-3.5552979E-03
+40.1000E-06,+852.7461961E-03,-20.4397206E-03
+40.2000E-06,+832.6456938E-03,-42.9522842E-03
+40.3000E-06,+852.7461961E-03,-14.8115797E-03
+40.4000E-06,+847.0031954E-03,-31.6960024E-03
+40.5000E-06,+852.7461961E-03,-42.9522842E-03
+40.6000E-06,+844.1316951E-03,-82.3492706E-03
+40.7000E-06,+852.7461961E-03,-42.9522842E-03
+40.8000E-06,+852.7461961E-03,-20.4397206E-03
+40.9000E-06,+849.8746958E-03,-37.3241433E-03
+41.0000E-06,+847.0031954E-03,-71.0929888E-03
+41.1000E-06,+832.6456938E-03,-31.6960024E-03
+41.2000E-06,+852.7461961E-03,-37.3241433E-03
+41.3000E-06,+841.2601948E-03,-37.3241433E-03
+41.4000E-06,+832.6456938E-03,-42.9522842E-03
+41.5000E-06,+841.2601948E-03,-42.9522842E-03
+41.6000E-06,+852.7461961E-03,-3.5552979E-03
+41.7000E-06,+838.3886944E-03,-3.5552979E-03
+41.8000E-06,+838.3886945E-03,-14.8115797E-03
+41.9000E-06,+835.5171941E-03,-9.1834387E-03
+42.0000E-06,+844.1316951E-03,-26.0678615E-03
+42.1000E-06,+832.6456938E-03,+35.8416885E-03
+42.2000E-06,+841.2601948E-03,-20.4397206E-03
+42.3000E-06,+849.8746958E-03,-37.3241433E-03
+42.4000E-06,+847.0031954E-03,-14.8115796E-03
+42.5000E-06,+847.0031954E-03,-31.6960024E-03
+42.6000E-06,+852.7461961E-03,-37.3241433E-03
+42.7000E-06,+852.7461961E-03,-26.0678615E-03
+42.8000E-06,+852.7461961E-03,-42.9522842E-03
+42.9000E-06,+844.1316951E-03,-48.5804252E-03
+43.0000E-06,+832.6456938E-03,-9.1834388E-03
+43.1000E-06,+832.6456938E-03,-31.6960024E-03
+43.2000E-06,+852.7461961E-03,-14.8115797E-03
+43.3000E-06,+832.6456938E-03,-3.5552979E-03
+43.4000E-06,+841.2601948E-03,-42.9522842E-03
+43.5000E-06,+832.6456938E-03,-3.5552979E-03
+43.6000E-06,+832.6456938E-03,-3.5552979E-03
+43.7000E-06,+849.8746958E-03,+24.5854067E-03
+43.8000E-06,+852.7461961E-03,-14.8115796E-03
+43.9000E-06,+847.0031954E-03,-31.6960024E-03
+44.0000E-06,+849.8746958E-03,-3.5552979E-03
+44.1000E-06,+844.1316951E-03,-42.9522842E-03
+44.2000E-06,+852.7461961E-03,-42.9522842E-03
+44.3000E-06,+844.1316951E-03,-20.4397206E-03
+44.4000E-06,+832.6456938E-03,-71.0929887E-03
+44.5000E-06,+832.6456938E-03,-31.6960024E-03
+44.6000E-06,+847.0031954E-03,-31.6960024E-03
+44.7000E-06,+835.5171941E-03,-42.9522842E-03
+44.8000E-06,+852.7461961E-03,-20.4397206E-03
+44.9000E-06,+832.6456938E-03,-42.9522842E-03
+45.0000E-06,+852.7461961E-03,-31.6960025E-03
+45.1000E-06,+832.6456938E-03,-9.1834388E-03
+45.2000E-06,+852.7461961E-03,-3.5552979E-03
+45.3000E-06,+832.6456938E-03,-26.0678615E-03
+45.4000E-06,+832.6456938E-03,-3.5552979E-03
+45.5000E-06,+832.6456938E-03,+13.3291249E-03
+45.6000E-06,+832.6456938E-03,-3.5552979E-03
+45.7000E-06,+844.1316951E-03,-3.5552979E-03
+45.8000E-06,+832.6456938E-03,-37.3241433E-03
+45.9000E-06,+832.6456938E-03,-3.5552979E-03
+46.0000E-06,+852.7461961E-03,-42.9522842E-03
+46.1000E-06,+852.7461961E-03,-42.9522842E-03
+46.2000E-06,+852.7461961E-03,-26.0678615E-03
+46.3000E-06,+852.7461961E-03,-42.9522842E-03
+46.4000E-06,+852.7461961E-03,-3.5552979E-03
+46.5000E-06,+832.6456938E-03,-42.9522842E-03
+46.6000E-06,+847.0031954E-03,-54.2085660E-03
+46.7000E-06,+832.6456938E-03,-14.8115797E-03
+46.8000E-06,+835.5171941E-03,+2.0728430E-03
+46.9000E-06,+844.1316951E-03,-14.8115797E-03
+47.0000E-06,+832.6456938E-03,-3.5552979E-03
+47.1000E-06,+841.2601948E-03,-42.9522842E-03
+47.2000E-06,+852.7461961E-03,-14.8115797E-03
+47.3000E-06,+838.3886944E-03,-3.5552979E-03
+47.4000E-06,+852.7461961E-03,-31.6960024E-03
+47.5000E-06,+852.7461961E-03,-9.1834387E-03
+47.6000E-06,+844.1316951E-03,-26.0678615E-03
+47.7000E-06,+832.6456938E-03,-42.9522842E-03
+47.8000E-06,+832.6456938E-03,-3.5552979E-03
+47.9000E-06,+849.8746958E-03,-9.1834388E-03
+48.0000E-06,+838.3886944E-03,-31.6960024E-03
+48.1000E-06,+838.3886945E-03,-71.0929887E-03
+48.2000E-06,+852.7461961E-03,-37.3241433E-03
+48.3000E-06,+832.6456938E-03,-26.0678615E-03
+48.4000E-06,+852.7461961E-03,-3.5552979E-03
+48.5000E-06,+852.7461961E-03,-26.0678615E-03
+48.6000E-06,+852.7461961E-03,-42.9522842E-03
+48.7000E-06,+832.6456938E-03,-31.6960024E-03
+48.8000E-06,+847.0031954E-03,-14.8115797E-03
+48.9000E-06,+832.6456938E-03,+2.0728430E-03
+49.0000E-06,+844.1316951E-03,-3.5552979E-03
+49.1000E-06,+832.6456938E-03,+35.8416885E-03
+49.2000E-06,+841.2601948E-03,-3.5552979E-03
+49.3000E-06,+832.6456938E-03,-37.3241433E-03
+49.4000E-06,+832.6456938E-03,-3.5552979E-03
+49.5000E-06,+847.0031954E-03,-3.5552979E-03
+49.6000E-06,+835.5171941E-03,-3.5552979E-03
+49.7000E-06,+852.7461961E-03,-3.5552979E-03
+49.8000E-06,+832.6456938E-03,-82.3492705E-03
+49.9000E-06,+852.7461961E-03,-42.9522842E-03
+50.0000E-06,+835.5171941E-03,-9.1834388E-03
+50.1000E-06,+838.3886944E-03,-42.9522842E-03
+50.2000E-06,+852.7461961E-03,-42.9522842E-03
+50.3000E-06,+832.6456938E-03,-42.9522842E-03
+50.4000E-06,+844.1316951E-03,-42.9522842E-03
+50.5000E-06,+832.6456938E-03,-3.5552979E-03
+50.6000E-06,+832.6456938E-03,-42.9522842E-03
+50.7000E-06,+852.7461961E-03,-9.1834388E-03
+50.8000E-06,+832.6456938E-03,-3.5552979E-03
+50.9000E-06,+847.0031954E-03,-14.8115797E-03
+51.0000E-06,+832.6456938E-03,-9.1834387E-03
+51.1000E-06,+832.6456938E-03,+35.8416885E-03
+51.2000E-06,+852.7461961E-03,-3.5552979E-03
+51.3000E-06,+832.6456938E-03,-3.5552979E-03
+51.4000E-06,+852.7461961E-03,-76.7211297E-03
+51.5000E-06,+838.3886944E-03,-42.9522842E-03
+51.6000E-06,+832.6456938E-03,-31.6960024E-03
+51.7000E-06,+852.7461961E-03,-9.1834387E-03
+51.8000E-06,+852.7461961E-03,-42.9522842E-03
+51.9000E-06,+832.6456938E-03,-42.9522842E-03
+52.0000E-06,+852.7461961E-03,-42.9522842E-03
+52.1000E-06,+852.7461961E-03,-42.9522842E-03
+52.2000E-06,+852.7461961E-03,-42.9522842E-03
+52.3000E-06,+838.3886945E-03,-14.8115797E-03
+52.4000E-06,+832.6456938E-03,-71.0929888E-03
+52.5000E-06,+852.7461961E-03,-42.9522842E-03
+52.6000E-06,+832.6456938E-03,-42.9522842E-03
+52.7000E-06,+841.2601948E-03,-3.5552979E-03
+52.8000E-06,+832.6456938E-03,-42.9522842E-03
+52.9000E-06,+852.7461961E-03,-31.6960024E-03
+53.0000E-06,+847.0031954E-03,-42.9522842E-03
+53.1000E-06,+832.6456938E-03,-3.5552979E-03
+53.2000E-06,+852.7461961E-03,-42.9522842E-03
+53.3000E-06,+832.6456938E-03,-42.9522842E-03
+53.4000E-06,+852.7461961E-03,-20.4397206E-03
+53.5000E-06,+832.6456938E-03,-3.5552979E-03
+53.6000E-06,+832.6456938E-03,-14.8115796E-03
+53.7000E-06,+832.6456938E-03,-31.6960024E-03
+53.8000E-06,+852.7461961E-03,-9.1834387E-03
+53.9000E-06,+832.6456938E-03,-42.9522842E-03
+54.0000E-06,+832.6456938E-03,-42.9522842E-03
+54.1000E-06,+844.1316951E-03,-42.9522842E-03
+54.2000E-06,+849.8746958E-03,-37.3241433E-03
+54.3000E-06,+847.0031954E-03,-31.6960024E-03
+54.4000E-06,+852.7461961E-03,-54.2085661E-03
+54.5000E-06,+832.6456938E-03,-37.3241433E-03
+54.6000E-06,+841.2601948E-03,-20.4397206E-03
+54.7000E-06,+832.6456938E-03,-3.5552979E-03
+54.8000E-06,+832.6456938E-03,-26.0678615E-03
+54.9000E-06,+835.5171941E-03,-9.1834388E-03
+55.0000E-06,+852.7461961E-03,-14.8115796E-03
+55.1000E-06,+838.3886945E-03,-14.8115797E-03
+55.2000E-06,+852.7461961E-03,-3.5552979E-03
+55.3000E-06,+852.7461961E-03,-42.9522842E-03
+55.4000E-06,+832.6456938E-03,-42.9522842E-03
+55.5000E-06,+832.6456938E-03,-20.4397206E-03
+55.6000E-06,+832.6456938E-03,-42.9522842E-03
+55.7000E-06,+847.0031954E-03,-42.9522842E-03
+55.8000E-06,+832.6456938E-03,-71.0929887E-03
+55.9000E-06,+849.8746958E-03,-3.5552979E-03
+56.0000E-06,+844.1316951E-03,-26.0678615E-03
+56.1000E-06,+852.7461961E-03,-42.9522842E-03
+56.2000E-06,+844.1316951E-03,-42.9522842E-03
+56.3000E-06,+832.6456938E-03,-3.5552979E-03
+56.4000E-06,+852.7461961E-03,-31.6960024E-03
+56.5000E-06,+832.6456938E-03,-14.8115797E-03
+56.6000E-06,+852.7461961E-03,-37.3241433E-03
+56.7000E-06,+852.7461961E-03,-20.4397206E-03
+56.8000E-06,+832.6456938E-03,-3.5552979E-03
+56.9000E-06,+832.6456938E-03,-26.0678615E-03
+57.0000E-06,+852.7461961E-03,-9.1834388E-03
+57.1000E-06,+832.6456938E-03,-3.5552979E-03
+57.2000E-06,+847.0031954E-03,-3.5552979E-03
+57.3000E-06,+852.7461961E-03,+30.2135476E-03
+57.4000E-06,+844.1316951E-03,-26.0678615E-03
+57.5000E-06,+852.7461961E-03,-42.9522842E-03
+57.6000E-06,+852.7461961E-03,-20.4397206E-03
+57.7000E-06,+852.7461961E-03,-37.3241433E-03
+57.8000E-06,+847.0031954E-03,-42.9522842E-03
+57.9000E-06,+832.6456938E-03,+7.7009840E-03
+58.0000E-06,+852.7461961E-03,-37.3241433E-03
+58.1000E-06,+841.2601948E-03,-42.9522842E-03
+58.2000E-06,+832.6456938E-03,-42.9522842E-03
+58.3000E-06,+852.7461961E-03,-65.4648479E-03
+58.4000E-06,+832.6456938E-03,-9.1834388E-03
+58.5000E-06,+832.6456938E-03,-31.6960024E-03
+58.6000E-06,+838.3886945E-03,-42.9522842E-03
+58.7000E-06,+832.6456938E-03,-9.1834387E-03
+58.8000E-06,+852.7461961E-03,-20.4397206E-03
+58.9000E-06,+832.6456938E-03,-3.5552979E-03
+59.0000E-06,+852.7461961E-03,-20.4397206E-03
+59.1000E-06,+849.8746958E-03,-37.3241433E-03
+59.2000E-06,+832.6456938E-03,+24.5854067E-03
+59.3000E-06,+852.7461961E-03,-3.5552979E-03
+59.4000E-06,+832.6456938E-03,+18.9572659E-03
+59.5000E-06,+852.7461961E-03,-48.5804251E-03
+59.6000E-06,+852.7461961E-03,-42.9522842E-03
+59.7000E-06,+832.6456938E-03,-26.0678615E-03
+59.8000E-06,+852.7461961E-03,-71.0929887E-03
+59.9000E-06,+852.7461961E-03,-42.9522842E-03
+60.0000E-06,+838.3886945E-03,-3.5552979E-03
+60.1000E-06,+835.5171941E-03,-37.3241433E-03
+60.2000E-06,+841.2601948E-03,-42.9522842E-03
+60.3000E-06,+832.6456938E-03,-42.9522842E-03
+60.4000E-06,+832.6456938E-03,-42.9522842E-03
+60.5000E-06,+852.7461961E-03,-48.5804252E-03
+60.6000E-06,+832.6456938E-03,-42.9522842E-03
+60.7000E-06,+852.7461961E-03,-14.8115797E-03
+60.8000E-06,+849.8746958E-03,-3.5552979E-03
+60.9000E-06,+841.2601948E-03,-3.5552979E-03
+61.0000E-06,+852.7461961E-03,-3.5552979E-03
+61.1000E-06,+844.1316951E-03,+2.0728431E-03
+61.2000E-06,+849.8746958E-03,-31.6960023E-03
+61.3000E-06,+852.7461961E-03,-14.8115796E-03
+61.4000E-06,+852.7461961E-03,-31.6960024E-03
+61.5000E-06,+849.8746958E-03,-42.9522842E-03
+61.6000E-06,+852.7461961E-03,-42.9522842E-03
+61.7000E-06,+852.7461961E-03,-82.3492705E-03
+61.8000E-06,+852.7461961E-03,-59.8367069E-03
+61.9000E-06,+852.7461961E-03,-37.3241433E-03
+62.0000E-06,+852.7461961E-03,-31.6960024E-03
+62.1000E-06,+852.7461961E-03,-14.8115797E-03
+62.2000E-06,+835.5171941E-03,-3.5552979E-03
+62.3000E-06,+844.1316951E-03,-65.4648478E-03
+62.4000E-06,+832.6456938E-03,-3.5552979E-03
+62.5000E-06,+841.2601948E-03,-42.9522842E-03
+62.6000E-06,+852.7461961E-03,-14.8115797E-03
+62.7000E-06,+847.0031954E-03,-3.5552979E-03
+62.8000E-06,+847.0031954E-03,-3.5552979E-03
+62.9000E-06,+852.7461961E-03,-9.1834387E-03
+63.0000E-06,+844.1316951E-03,-3.5552979E-03
+63.1000E-06,+852.7461961E-03,-3.5552979E-03
+63.2000E-06,+852.7461961E-03,-3.5552979E-03
+63.3000E-06,+849.8746957E-03,-37.3241433E-03
+63.4000E-06,+847.0031954E-03,-42.9522842E-03
+63.5000E-06,+852.7461961E-03,-3.5552979E-03
+63.6000E-06,+852.7461961E-03,-42.9522842E-03
+63.7000E-06,+841.2601948E-03,-42.9522842E-03
+63.8000E-06,+832.6456938E-03,-42.9522842E-03
+63.9000E-06,+832.6456938E-03,-20.4397206E-03
+64.0000E-06,+849.8746957E-03,-3.5552979E-03
+64.1000E-06,+838.3886944E-03,-31.6960024E-03
+64.2000E-06,+847.0031954E-03,-26.0678615E-03
+64.3000E-06,+849.8746958E-03,-37.3241433E-03
+64.4000E-06,+832.6456938E-03,-20.4397206E-03
+64.5000E-06,+852.7461961E-03,-3.5552979E-03
+64.6000E-06,+824.0311928E-03,-26.0678615E-03
+64.7000E-06,+849.8746957E-03,-42.9522842E-03
+64.8000E-06,+832.6456938E-03,-14.8115796E-03
+64.9000E-06,+847.0031954E-03,+24.5854067E-03
+65.0000E-06,+849.8746958E-03,-3.5552979E-03
+65.1000E-06,+832.6456938E-03,-3.5552979E-03
+65.2000E-06,+832.6456938E-03,-42.9522842E-03
+65.3000E-06,+832.6456938E-03,-26.0678615E-03
+65.4000E-06,+852.7461961E-03,-3.5552979E-03
+65.5000E-06,+852.7461961E-03,-42.9522842E-03
+65.6000E-06,+852.7461961E-03,-42.9522842E-03
+65.7000E-06,+852.7461961E-03,-9.1834387E-03
+65.8000E-06,+832.6456938E-03,-42.9522842E-03
+65.9000E-06,+832.6456938E-03,-42.9522842E-03
+66.0000E-06,+841.2601948E-03,-42.9522842E-03
+66.1000E-06,+852.7461961E-03,-42.9522842E-03
+66.2000E-06,+832.6456938E-03,-31.6960024E-03
+66.3000E-06,+838.3886945E-03,-42.9522842E-03
+66.4000E-06,+852.7461961E-03,-3.5552979E-03
+66.5000E-06,+832.6456938E-03,-20.4397206E-03
+66.6000E-06,+832.6456938E-03,-42.9522842E-03
+66.7000E-06,+852.7461961E-03,-26.0678615E-03
+66.8000E-06,+835.5171941E-03,+30.2135476E-03
+66.9000E-06,+852.7461961E-03,-42.9522842E-03
+67.0000E-06,+847.0031954E-03,-31.6960024E-03
+67.1000E-06,+849.8746958E-03,+18.9572659E-03
+67.2000E-06,+852.7461961E-03,-3.5552979E-03
+67.3000E-06,+852.7461961E-03,-3.5552979E-03
+67.4000E-06,+841.2601948E-03,-42.9522842E-03
+67.5000E-06,+849.8746957E-03,-3.5552979E-03
+67.6000E-06,+852.7461961E-03,-14.8115796E-03
+67.7000E-06,+847.0031954E-03,-31.6960024E-03
+67.8000E-06,+849.8746958E-03,-37.3241433E-03
+67.9000E-06,+844.1316951E-03,-65.4648478E-03
+68.0000E-06,+852.7461961E-03,-42.9522842E-03
+68.1000E-06,+852.7461961E-03,-26.0678615E-03
+68.2000E-06,+852.7461961E-03,-71.0929887E-03
+68.3000E-06,+852.7461961E-03,-3.5552979E-03
+68.4000E-06,+832.6456938E-03,-14.8115797E-03
+68.5000E-06,+849.8746958E-03,-37.3241433E-03
+68.6000E-06,+832.6456938E-03,-3.5552979E-03
+68.7000E-06,+832.6456938E-03,-3.5552979E-03
+68.8000E-06,+841.2601948E-03,-26.0678615E-03
+68.9000E-06,+849.8746957E-03,-9.1834388E-03
+69.0000E-06,+852.7461961E-03,-14.8115796E-03
+69.1000E-06,+852.7461961E-03,-3.5552979E-03
+69.2000E-06,+852.7461961E-03,-3.5552979E-03
+69.3000E-06,+844.1316951E-03,-3.5552979E-03
+69.4000E-06,+852.7461961E-03,-42.9522842E-03
+69.5000E-06,+841.2601948E-03,-20.4397206E-03
+69.6000E-06,+835.5171941E-03,-37.3241433E-03
+69.7000E-06,+847.0031954E-03,-14.8115796E-03
+69.8000E-06,+832.6456938E-03,-3.5552979E-03
+69.9000E-06,+852.7461961E-03,-71.0929888E-03
+70.0000E-06,+852.7461961E-03,-42.9522842E-03
+70.1000E-06,+852.7461961E-03,-3.5552979E-03
+70.2000E-06,+841.2601948E-03,-26.0678615E-03
+70.3000E-06,+852.7461961E-03,-42.9522842E-03
+70.4000E-06,+838.3886944E-03,-3.5552979E-03
+70.5000E-06,+838.3886945E-03,+13.3291248E-03
+70.6000E-06,+835.5171941E-03,-3.5552979E-03
+70.7000E-06,+832.6456938E-03,-26.0678615E-03
+70.8000E-06,+832.6456938E-03,-3.5552979E-03
+70.9000E-06,+841.2601948E-03,-59.8367069E-03
+71.0000E-06,+832.6456938E-03,-9.1834388E-03
+71.1000E-06,+832.6456938E-03,+13.3291249E-03
+71.2000E-06,+852.7461961E-03,-59.8367069E-03
+71.3000E-06,+852.7461961E-03,-3.5552979E-03
+71.4000E-06,+852.7461961E-03,-48.5804251E-03
+71.5000E-06,+852.7461961E-03,-42.9522842E-03
+71.6000E-06,+852.7461961E-03,-26.0678615E-03
+71.7000E-06,+852.7461961E-03,-37.3241433E-03
+71.8000E-06,+852.7461961E-03,-71.0929888E-03
+71.9000E-06,+832.6456938E-03,-3.5552979E-03
+72.0000E-06,+835.5171941E-03,+2.0728430E-03
+72.1000E-06,+841.2601948E-03,-14.8115798E-03
+72.2000E-06,+832.6456938E-03,-3.5552979E-03
+72.3000E-06,+852.7461961E-03,-3.5552979E-03
+72.4000E-06,+835.5171941E-03,-9.1834388E-03
+72.5000E-06,+838.3886944E-03,-3.5552979E-03
+72.6000E-06,+847.0031954E-03,-14.8115797E-03
+72.7000E-06,+835.5171941E-03,-37.3241433E-03
+72.8000E-06,+844.1316951E-03,-3.5552979E-03
+72.9000E-06,+832.6456938E-03,-3.5552979E-03
+73.0000E-06,+832.6456938E-03,-37.3241433E-03
+73.1000E-06,+835.5171941E-03,-42.9522842E-03
+73.2000E-06,+847.0031954E-03,-3.5552979E-03
+73.3000E-06,+832.6456938E-03,-3.5552979E-03
+73.4000E-06,+849.8746958E-03,-42.9522842E-03
+73.5000E-06,+852.7461961E-03,-42.9522842E-03
+73.6000E-06,+832.6456938E-03,-42.9522842E-03
+73.7000E-06,+832.6456938E-03,-48.5804252E-03
+73.8000E-06,+835.5171941E-03,-42.9522842E-03
+73.9000E-06,+847.0031954E-03,-31.6960024E-03
+74.0000E-06,+838.3886945E-03,+13.3291248E-03
+74.1000E-06,+835.5171941E-03,-3.5552979E-03
+74.2000E-06,+844.1316951E-03,-3.5552979E-03
+74.3000E-06,+832.6456938E-03,-3.5552979E-03
+74.4000E-06,+841.2601948E-03,+18.9572658E-03
+74.5000E-06,+832.6456938E-03,-9.1834388E-03
+74.6000E-06,+852.7461961E-03,-3.5552979E-03
+74.7000E-06,+832.6456938E-03,-31.6960024E-03
+74.8000E-06,+852.7461961E-03,-42.9522842E-03
+74.9000E-06,+852.7461961E-03,-26.0678615E-03
+75.0000E-06,+852.7461961E-03,-3.5552979E-03
+75.1000E-06,+841.2601948E-03,-3.5552979E-03
+75.2000E-06,+832.6456938E-03,-37.3241433E-03
+75.3000E-06,+847.0031954E-03,-42.9522842E-03
+75.4000E-06,+838.3886945E-03,-31.6960024E-03
+75.5000E-06,+849.8746958E-03,-42.9522842E-03
+75.6000E-06,+852.7461961E-03,-3.5552979E-03
+75.7000E-06,+832.6456938E-03,-42.9522842E-03
+75.8000E-06,+832.6456938E-03,-42.9522842E-03
+75.9000E-06,+835.5171941E-03,-9.1834388E-03
+76.0000E-06,+838.3886944E-03,-31.6960024E-03
+76.1000E-06,+838.3886945E-03,-26.0678615E-03
+76.2000E-06,+849.8746958E-03,-3.5552979E-03
+76.3000E-06,+832.6456938E-03,-3.5552979E-03
+76.4000E-06,+852.7461961E-03,-42.9522842E-03
+76.5000E-06,+832.6456938E-03,-42.9522842E-03
+76.6000E-06,+832.6456938E-03,-37.3241433E-03
+76.7000E-06,+838.3886944E-03,-3.5552979E-03
+76.8000E-06,+847.0031954E-03,-31.6960024E-03
+76.9000E-06,+849.8746958E-03,-37.3241433E-03
+77.0000E-06,+852.7461961E-03,-9.1834387E-03
+77.1000E-06,+852.7461961E-03,-3.5552979E-03
+77.2000E-06,+844.1316951E-03,-20.4397206E-03
+77.3000E-06,+832.6456938E-03,-37.3241433E-03
+77.4000E-06,+838.3886944E-03,-71.0929888E-03
+77.5000E-06,+832.6456938E-03,-42.9522842E-03
+77.6000E-06,+852.7461961E-03,-37.3241433E-03
+77.7000E-06,+844.1316951E-03,-20.4397206E-03
+77.8000E-06,+832.6456938E-03,-3.5552979E-03
+77.9000E-06,+841.2601948E-03,-3.5552979E-03
+78.0000E-06,+852.7461961E-03,-14.8115797E-03
+78.1000E-06,+847.0031955E-03,-31.6960024E-03
+78.2000E-06,+832.6456938E-03,-42.9522842E-03
+78.3000E-06,+832.6456938E-03,-3.5552979E-03
+78.4000E-06,+852.7461961E-03,-20.4397206E-03
+78.5000E-06,+832.6456938E-03,-42.9522842E-03
+78.6000E-06,+841.2601948E-03,-20.4397205E-03
+78.7000E-06,+852.7461961E-03,+24.5854066E-03
+78.8000E-06,+852.7461961E-03,-14.8115796E-03
+78.9000E-06,+852.7461961E-03,-31.6960024E-03
+79.0000E-06,+852.7461961E-03,-42.9522842E-03
+79.1000E-06,+844.1316951E-03,-42.9522842E-03
+79.2000E-06,+832.6456938E-03,-82.3492706E-03
+79.3000E-06,+844.1316951E-03,-65.4648479E-03
+79.4000E-06,+835.5171941E-03,-37.3241433E-03
+79.5000E-06,+832.6456938E-03,-42.9522842E-03
+79.6000E-06,+832.6456938E-03,-42.9522842E-03
+79.7000E-06,+832.6456938E-03,-37.3241433E-03
+79.8000E-06,+852.7461961E-03,-26.0678615E-03
+79.9000E-06,+852.7461961E-03,-42.9522842E-03
+80.0000E-06,+844.1316951E-03,+18.9572658E-03
+80.1000E-06,+832.6456938E-03,-42.9522842E-03
+80.2000E-06,+852.7461961E-03,-31.6960024E-03
+80.3000E-06,+832.6456938E-03,-14.8115797E-03
+80.4000E-06,+835.5171941E-03,-9.1834387E-03
+80.5000E-06,+832.6456938E-03,-26.0678615E-03
+80.6000E-06,+852.7461961E-03,-3.5552979E-03
+80.7000E-06,+852.7461961E-03,-20.4397205E-03
+80.8000E-06,+832.6456938E-03,-3.5552979E-03
+80.9000E-06,+852.7461961E-03,-42.9522842E-03
+81.0000E-06,+852.7461961E-03,-31.6960024E-03
+81.1000E-06,+849.8746958E-03,-9.1834387E-03
+81.2000E-06,+832.6456938E-03,-26.0678615E-03
+81.3000E-06,+832.6456938E-03,-42.9522842E-03
+81.4000E-06,+841.2601948E-03,-42.9522842E-03
+81.5000E-06,+849.8746957E-03,-9.1834388E-03
+81.6000E-06,+832.6456938E-03,-42.9522842E-03
+81.7000E-06,+832.6456938E-03,-31.6960024E-03
+81.8000E-06,+852.7461961E-03,-37.3241433E-03
+81.9000E-06,+832.6456938E-03,-20.4397206E-03
+82.0000E-06,+852.7461961E-03,-42.9522842E-03
+82.1000E-06,+852.7461961E-03,-3.5552979E-03
+82.2000E-06,+832.6456938E-03,-3.5552979E-03
+82.3000E-06,+852.7461961E-03,-31.6960024E-03
+82.4000E-06,+838.3886945E-03,-14.8115797E-03
+82.5000E-06,+835.5171941E-03,-9.1834387E-03
+82.6000E-06,+832.6456938E-03,-26.0678615E-03
+82.7000E-06,+832.6456938E-03,+35.8416885E-03
+82.8000E-06,+852.7461961E-03,-20.4397205E-03
+82.9000E-06,+852.7461961E-03,-3.5552979E-03
+83.0000E-06,+852.7461961E-03,-26.0678614E-03
+83.1000E-06,+847.0031954E-03,-31.6960024E-03
+83.2000E-06,+849.8746958E-03,-42.9522842E-03
+83.3000E-06,+844.1316951E-03,-26.0678615E-03
+83.4000E-06,+852.7461961E-03,-42.9522842E-03
+83.5000E-06,+844.1316951E-03,+13.3291248E-03
+83.6000E-06,+832.6456938E-03,-42.9522842E-03
+83.7000E-06,+847.0031955E-03,-59.8367070E-03
+83.8000E-06,+847.0031954E-03,-42.9522842E-03
+83.9000E-06,+832.6456938E-03,-37.3241433E-03
+84.0000E-06,+832.6456938E-03,+18.9572658E-03
+84.1000E-06,+832.6456938E-03,-3.5552979E-03
+84.2000E-06,+841.2601948E-03,-3.5552979E-03
+84.3000E-06,+835.5171941E-03,-3.5552979E-03
+84.4000E-06,+838.3886944E-03,-31.6960024E-03
+84.5000E-06,+832.6456938E-03,+24.5854067E-03
+84.6000E-06,+852.7461961E-03,-14.8115796E-03
+84.7000E-06,+852.7461961E-03,-26.0678615E-03
+84.8000E-06,+832.6456938E-03,-3.5552979E-03
+84.9000E-06,+852.7461961E-03,-20.4397205E-03
+85.0000E-06,+849.8746957E-03,-37.3241433E-03
+85.1000E-06,+832.6456938E-03,-3.5552979E-03
+85.2000E-06,+838.3886945E-03,-31.6960024E-03
+85.3000E-06,+867.1036978E-03,-37.3241433E-03
+85.4000E-06,+852.7461961E-03,-65.4648478E-03
+85.5000E-06,+852.7461961E-03,-42.9522842E-03
+85.6000E-06,+844.1316951E-03,-65.4648479E-03
+85.7000E-06,+835.5171941E-03,-42.9522842E-03
+85.8000E-06,+852.7461961E-03,-42.9522842E-03
+85.9000E-06,+838.3886945E-03,-3.5552979E-03
+86.0000E-06,+852.7461961E-03,-9.1834387E-03
+86.1000E-06,+841.2601948E-03,-37.3241434E-03
+86.2000E-06,+852.7461961E-03,-3.5552979E-03
+86.3000E-06,+852.7461961E-03,-42.9522842E-03
+86.4000E-06,+849.8746957E-03,-42.9522842E-03
+86.5000E-06,+852.7461961E-03,-3.5552979E-03
+86.6000E-06,+852.7461961E-03,-3.5552979E-03
+86.7000E-06,+849.8746958E-03,-9.1834387E-03
+86.8000E-06,+832.6456938E-03,-26.0678615E-03
+86.9000E-06,+852.7461961E-03,-42.9522842E-03
+87.0000E-06,+841.2601948E-03,-14.8115796E-03
+87.1000E-06,+849.8746957E-03,-76.7211296E-03
+87.2000E-06,+852.7461961E-03,-42.9522842E-03
+87.3000E-06,+852.7461961E-03,-42.9522842E-03
+87.4000E-06,+832.6456938E-03,-48.5804251E-03
+87.5000E-06,+852.7461961E-03,-20.4397206E-03
+87.6000E-06,+832.6456938E-03,-42.9522842E-03
+87.7000E-06,+844.1316951E-03,-26.0678615E-03
+87.8000E-06,+835.5171941E-03,-9.1834388E-03
+87.9000E-06,+832.6456938E-03,-20.4397206E-03
+88.0000E-06,+852.7461961E-03,+13.3291248E-03
+88.1000E-06,+849.8746958E-03,-9.1834387E-03
+88.2000E-06,+841.2601948E-03,-20.4397206E-03
+88.3000E-06,+832.6456938E-03,-3.5552979E-03
+88.4000E-06,+832.6456938E-03,-20.4397205E-03
+88.5000E-06,+852.7461961E-03,-42.9522842E-03
+88.6000E-06,+852.7461961E-03,-14.8115796E-03
+88.7000E-06,+847.0031954E-03,-31.6960024E-03
+88.8000E-06,+852.7461961E-03,-14.8115796E-03
+88.9000E-06,+832.6456938E-03,-26.0678615E-03
+89.0000E-06,+852.7461961E-03,-82.3492705E-03
+89.1000E-06,+844.1316951E-03,-20.4397205E-03
+89.2000E-06,+832.6456938E-03,-37.3241433E-03
+89.3000E-06,+852.7461961E-03,-31.6960024E-03
+89.4000E-06,+832.6456938E-03,-59.8367069E-03
+89.5000E-06,+852.7461961E-03,-37.3241433E-03
+89.6000E-06,+841.2601948E-03,-37.3241434E-03
+89.7000E-06,+832.6456938E-03,-3.5552979E-03
+89.8000E-06,+844.1316951E-03,-26.0678615E-03
+89.9000E-06,+832.6456938E-03,-9.1834388E-03
+90.0000E-06,+832.6456938E-03,-14.8115796E-03
+90.1000E-06,+838.3886945E-03,-54.2085661E-03
+90.2000E-06,+852.7461961E-03,-3.5552979E-03
+90.3000E-06,+844.1316951E-03,-26.0678615E-03
+90.4000E-06,+832.6456938E-03,-3.5552979E-03
+90.5000E-06,+832.6456938E-03,-3.5552979E-03
+90.6000E-06,+852.7461961E-03,-31.6960023E-03
+90.7000E-06,+838.3886944E-03,-42.9522842E-03
+90.8000E-06,+847.0031954E-03,-31.6960024E-03
+90.9000E-06,+849.8746958E-03,-42.9522842E-03
+91.0000E-06,+832.6456938E-03,-26.0678615E-03
+91.1000E-06,+832.6456938E-03,-42.9522842E-03
+91.2000E-06,+852.7461961E-03,-59.8367069E-03
+91.3000E-06,+852.7461961E-03,-42.9522842E-03
+91.4000E-06,+852.7461961E-03,-42.9522842E-03
+91.5000E-06,+852.7461961E-03,-42.9522842E-03
+91.6000E-06,+852.7461961E-03,-3.5552979E-03
+91.7000E-06,+832.6456938E-03,-42.9522842E-03
+91.8000E-06,+832.6456938E-03,-42.9522842E-03
+91.9000E-06,+841.2601948E-03,-20.4397205E-03
+92.0000E-06,+835.5171941E-03,-9.1834388E-03
+92.1000E-06,+847.0031955E-03,-59.8367070E-03
+92.2000E-06,+852.7461961E-03,-31.6960024E-03
+92.3000E-06,+852.7461961E-03,-42.9522842E-03
+92.4000E-06,+832.6456938E-03,-3.5552979E-03
+92.5000E-06,+832.6456938E-03,-3.5552979E-03
+92.6000E-06,+832.6456938E-03,-42.9522842E-03
+92.7000E-06,+852.7461961E-03,+30.2135476E-03
+92.8000E-06,+847.0031955E-03,-14.8115796E-03
+92.9000E-06,+858.4891968E-03,-14.8115797E-03
+93.0000E-06,+832.6456938E-03,-48.5804251E-03
+93.1000E-06,+844.1316951E-03,-20.4397206E-03
+93.2000E-06,+832.6456938E-03,-42.9522842E-03
+93.3000E-06,+852.7461961E-03,-42.9522842E-03
+93.4000E-06,+835.5171941E-03,-37.3241433E-03
+93.5000E-06,+852.7461961E-03,-3.5552979E-03
+93.6000E-06,+838.3886945E-03,-54.2085661E-03
+93.7000E-06,+849.8746958E-03,-37.3241433E-03
+93.8000E-06,+832.6456938E-03,-65.4648478E-03
+93.9000E-06,+832.6456938E-03,-3.5552979E-03
+94.0000E-06,+832.6456938E-03,-3.5552979E-03
+94.1000E-06,+835.5171941E-03,-42.9522842E-03
+94.2000E-06,+838.3886944E-03,-14.8115796E-03
+94.3000E-06,+832.6456938E-03,-14.8115797E-03
+94.4000E-06,+832.6456938E-03,-9.1834387E-03
+94.5000E-06,+832.6456938E-03,-26.0678615E-03
+94.6000E-06,+832.6456938E-03,-82.3492705E-03
+94.7000E-06,+852.7461961E-03,-20.4397205E-03
+94.8000E-06,+852.7461961E-03,-37.3241433E-03
+94.9000E-06,+847.0031955E-03,-59.8367070E-03
+95.0000E-06,+838.3886945E-03,-31.6960024E-03
+95.1000E-06,+832.6456938E-03,-3.5552979E-03
+95.2000E-06,+852.7461961E-03,-59.8367070E-03
+95.3000E-06,+852.7461961E-03,-42.9522842E-03
+95.4000E-06,+844.1316951E-03,-42.9522842E-03
+95.5000E-06,+832.6456938E-03,-3.5552979E-03
+95.6000E-06,+838.3886944E-03,-20.4397206E-03
+95.7000E-06,+847.0031954E-03,-42.9522842E-03
+95.8000E-06,+835.5171941E-03,-3.5552979E-03
+95.9000E-06,+832.6456938E-03,-26.0678615E-03
+96.0000E-06,+852.7461961E-03,-42.9522842E-03
+96.1000E-06,+844.1316951E-03,-26.0678615E-03
+96.2000E-06,+849.8746957E-03,-31.6960023E-03
+96.3000E-06,+838.3886944E-03,-3.5552979E-03
+96.4000E-06,+832.6456938E-03,-14.8115797E-03
+96.5000E-06,+852.7461961E-03,-14.8115796E-03
+96.6000E-06,+852.7461961E-03,-42.9522842E-03
+96.7000E-06,+852.7461961E-03,-42.9522842E-03
+96.8000E-06,+844.1316951E-03,-3.5552979E-03
+96.9000E-06,+852.7461961E-03,-76.7211296E-03
+97.0000E-06,+832.6456938E-03,-14.8115796E-03
+97.1000E-06,+841.2601947E-03,-31.6960024E-03
+97.2000E-06,+835.5171941E-03,+2.0728430E-03
+97.3000E-06,+841.2601948E-03,-20.4397206E-03
+97.4000E-06,+852.7461961E-03,-42.9522842E-03
+97.5000E-06,+844.1316951E-03,-9.1834388E-03
+97.6000E-06,+849.8746957E-03,-42.9522842E-03
+97.7000E-06,+852.7461961E-03,-3.5552979E-03
+97.8000E-06,+832.6456938E-03,-3.5552979E-03
+97.9000E-06,+835.5171941E-03,-37.3241433E-03
+98.0000E-06,+832.6456938E-03,-20.4397206E-03
+98.1000E-06,+832.6456938E-03,-3.5552979E-03
+98.2000E-06,+841.2601948E-03,-20.4397205E-03
+98.3000E-06,+835.5171941E-03,-3.5552979E-03
+98.4000E-06,+838.3886944E-03,-14.8115796E-03
+98.5000E-06,+852.7461961E-03,-42.9522842E-03
+98.6000E-06,+835.5171941E-03,-9.1834387E-03
+98.7000E-06,+844.1316951E-03,-26.0678615E-03
+98.8000E-06,+852.7461961E-03,-42.9522842E-03
+98.9000E-06,+852.7461961E-03,-42.9522842E-03
+99.0000E-06,+832.6456938E-03,-37.3241433E-03
+99.1000E-06,+832.6456938E-03,-42.9522842E-03
+99.2000E-06,+838.3886945E-03,-42.9522842E-03
+99.3000E-06,+852.7461961E-03,-37.3241433E-03
+99.4000E-06,+841.2601948E-03,-20.4397206E-03
+99.5000E-06,+832.6456938E-03,-3.5552979E-03
+99.6000E-06,+832.6456938E-03,-26.0678615E-03
+99.7000E-06,+849.8746957E-03,-9.1834388E-03
+99.8000E-06,+838.3886944E-03,-14.8115796E-03
+99.9000E-06,+847.0031954E-03,+35.8416885E-03
